CD_MUN,SIGLA_UF,ANO,Veg_Florestal_Primaria,Veg_Florestal_Secundaria,Natural_Nao_Florestal,Silvicultura,Pastagem_Arbustiva_Arborea,Pastagem_Herbacea,Cultura_Perene,Cultura_Semiperene,Cultura_Temporaria_Total,Cultura_Temporaria_1Ciclo,Cultura_Temporaria_NCiclos,Desflorestamento_Ano,Mineracao,Urbanizada,Corpo_Dagua,Outros_Usos,Nao_Observado
1600204,AP,2008,1177266.0487728377,7212.693440961358,220476.47965352377,0.0,1994.3777664993597,2004.0640846063195,0.0,0.0,0.0,0.0,0.0,637.7511992163838,244.98856584100798,0.0,6904.879315502254,76.77787274625598,4424.057664961967
1600238,AP,2008,316091.5610691801,4029.759273378959,164321.93248505017,0.0,1353.5751261383996,3314.5175293068946,0.0,0.0,0.0,0.0,0.0,286.28339764622393,0.0,0.0,7512.417232333198,93.52064850004798,3854.6125742615027
1600212,AP,2008,46100.78134447578,6025.592497003198,143998.7823922301,0.0,2690.7086055833274,4707.861766678223,0.0,0.0,0.0,0.0,0.0,240.93336116203193,0.0,66.84061375569598,10459.938738192765,59.22204852959998,5066.0848968348955
1600279,AP,2008,3025566.1482615066,6831.755142021214,15827.35344805454,181.37003303073595,4382.030085776639,1186.1373309651358,0.0,0.0,0.0,0.0,0.0,911.5678537653598,9.545791212143998,748.2354514477919,6357.025178426735,68.97863008396799,7722.655504613278
1600253,AP,2008,39602.17531952192,1295.2865776957917,73538.28616479205,0.0,1780.6463971195674,1573.7807703150718,0.0,0.0,0.0,0.0,0.0,20.416550289695994,0.0,39.32745527779199,41697.08000399145,203.84429856595193,3638.1710433388316
1600709,AP,2008,302599.42333336576,10250.172234773854,325473.5882606867,0.0,3485.277781779023,6472.387721435325,0.0,0.0,0.0,0.0,0.0,1340.5763883679197,0.0,0.0,17110.91606766854,8.813043832031997,6428.774195865647
1600808,AP,2008,180130.40514102264,1115.0507974589277,38792.83074409986,16460.1259801403,1687.9588723530717,137.30481387057597,0.0,0.0,0.0,0.0,0.0,143.80920157348797,0.0,47.49809044780799,13892.478783874414,16.682549941727995,204.74768574691197
1600055,AP,2008,769514.9773985529,3822.4519906193273,0.0,0.0,2188.3048813454393,221.53061204207992,0.0,0.0,0.0,0.0,0.0,32.22080945423999,3.0815540506079993,27.392706853775994,761.0434741467359,45.81176771001599,221.35997224123196
1600501,AP,2008,1843519.4146775699,6931.278296456973,395742.1849756182,0.0,6500.051444443391,2587.6722787771673,0.0,0.0,0.0,0.0,0.0,1175.0858944513918,26.71014765038399,460.04490308620785,23168.98031500958,78.03257716425598,29850.492131201805
1600550,AP,2008,365981.7705839934,3129.533947552319,118276.62915112067,0.0,383.7789497424959,1139.3318373560637,0.0,0.0,0.0,0.0,0.0,526.7349523117439,0.0,0.0,6889.270792542335,0.0,2000.4906864238555
1600535,AP,2008,341961.0667971394,18166.082332665163,65952.12242558648,0.0,6580.984898222062,6247.514576823694,0.0,0.0,0.0,0.0,0.0,1440.6415751122556,67.96482891422399,0.0,2141.1581081346717,477.50035094942393,2778.7888557269275
1600600,AP,2008,49755.75538938047,2107.8733093339674,94856.51723743956,0.0,998.6644156452479,220.61718722577595,0.0,0.0,0.0,0.0,0.0,438.56436345004784,0.0,135.76905566294397,3793.5436008286074,249.66610391131198,2605.117689005039
1600303,AP,2008,204249.22681336425,10850.623581051934,321702.8100168183,0.0,9694.057123810222,5875.630224963838,0.0,0.0,0.0,0.0,0.0,734.7950577221758,0.0,714.9506526470878,89701.07731077238,2016.1293222898075,9888.55638387091
1600402,AP,2008,1167165.075949817,4178.798082966671,134396.5495565468,0.0,1158.4234197803517,1032.8224887208798,0.0,0.0,0.0,0.0,0.0,1576.3303296924478,490.63961561471996,254.87563665484794,26878.097364959798,236.41642525723196,1107.4322322328317
1600105,AP,2008,319374.8113643904,3702.4922106231834,491391.59510415106,0.0,335.94961732833593,637.2995056259039,0.0,0.0,0.0,0.0,0.0,190.3737919343039,0.0,0.0,29880.76563939931,69.49054948651198,5387.299265478238
1600154,AP,2008,944670.5096351114,9503.211563014751,0.0,0.0,8045.04427659187,2402.1667399847033,0.0,0.0,0.0,0.0,0.0,368.26076550067194,755.1614198351518,146.59966419911996,780.0647931236158,150.78535813756798,2114.0364174351835
1600204,AP,2010,1175223.9721631838,5269.146259844015,220480.00286352952,0.0,2016.1092470191197,569.4651659711519,0.0,0.0,0.0,0.0,0.0,1197.5200094452318,543.7085936784479,0.0,6905.180444562575,304.66230796108795,8732.351281501582
1600238,AP,2010,315726.73317496706,4146.838252031375,164321.751807614,6.434124255503999,2376.1291139023674,2283.3612880531196,0.0,0.0,0.0,0.0,0.0,233.07389268767994,0.0,8.973645997535998,7539.769788645599,136.26089979479997,4078.853347846463
1600212,AP,2010,45478.287350982275,6701.155468560431,144002.15503770567,0.0,3790.7932887443517,1110.0219421515837,0.0,0.0,0.0,0.0,0.0,498.55930990113586,0.0,77.45039431430399,10459.938738192765,138.98109897302396,7159.403634920063
1600279,AP,2010,3024536.1965364944,10347.567410516685,15827.35344805454,189.46036711799997,1806.2925554234873,1951.1055205313755,0.0,0.0,0.0,0.0,0.0,504.55177820150385,9.545791212143998,909.3394987189919,6357.025178426735,202.00741129799997,7152.357214908574
1600253,AP,2010,39211.76149281705,5788.523625448606,73538.28616479205,0.0,255.68868511771194,532.8077216948639,0.0,0.0,0.0,0.0,0.0,390.4138267048799,0.0,47.54827862452799,41697.08000399145,119.78914019529597,1807.1156415216958
1600709,AP,2010,300853.115686758,9204.059916857517,325473.2871316264,0.0,5419.319322225599,3177.553995038015,0.0,0.0,0.0,0.0,0.0,1144.4008432047838,0.0,0.0,17110.91606766854,264.49169131439993,10522.78437308155
1600808,AP,2010,179228.04179886772,1899.8633921002554,38792.83074409986,16597.37056819881,798.5139668858878,273.77650400759995,0.0,0.0,0.0,0.0,0.0,655.4977385045759,0.0,56.95354294185599,13892.629348404575,53.982402880031984,379.4326536385439
1600055,AP,2010,769421.4467124175,3519.5964570201595,0.0,0.0,1804.2749907193438,175.71884433206395,0.0,0.0,0.0,0.0,0.0,21.199485846527995,10.117936426751998,100.47672979343999,761.0434741467359,23.247163456703994,1001.0533728571197
1600501,AP,2010,1842591.9070588786,6364.693931829551,395744.68434681883,0.0,3781.287648073583,1607.6377143303835,0.0,0.0,0.0,0.0,0.0,509.42003134334385,11.181925773215998,560.9331759287519,23168.970277374236,113.36505357513596,35585.86647750393
1600550,AP,2010,365313.5350862373,3511.556311109615,118277.35186086544,0.0,1541.3391328832636,788.5365573539518,0.0,0.0,0.0,0.0,0.0,394.2381657709439,0.0,0.0,6889.270792542335,57.34501072027198,1554.3679835597757
1600535,AP,2010,341257.50886060775,17524.64732127753,65949.44237694964,3.0715164152639995,5704.307864912446,1507.1308716309118,0.0,0.0,0.0,0.0,0.0,173.70127962791994,2.9109142497599994,0.0,2142.2522103871675,394.32850448903986,11154.523028726877
1600600,AP,2010,49716.55842336215,2583.5869611921594,94856.87859231194,0.0,829.7711633471037,119.75902728926397,0.0,0.0,0.0,0.0,0.0,31.33749754396799,0.0,147.80418044039996,3793.5436008286074,447.6183105303359,2635.230595037039
1600303,AP,2010,203091.73689367087,12008.575231971117,321703.9844201536,0.040150541375999986,8161.942577808094,1466.7494646419996,0.0,0.0,0.0,0.0,0.0,1041.8864734365118,0.0,734.6444931920158,89701.07731077238,1295.8888358164315,16221.33063530654
1600402,AP,2010,1166441.4427425975,5114.6469766291675,134397.06147594933,0.0,1198.4434718968798,80.57209890628799,0.0,0.0,0.0,0.0,0.0,119.75902728926397,151.92964856678398,257.34489494947195,26901.12370043894,290.8906722691199,3522.246392750975
1600105,AP,2010,318999.5443294197,4373.367606474767,491394.12458825763,0.0,1155.2314517409598,880.3407702101758,0.0,0.0,0.0,0.0,0.0,184.80290431838395,0.0,0.0,29880.76563939931,198.60465291638397,3903.295105679903
1600154,AP,2010,943981.6969849002,7066.445093999278,0.0,0.0,5178.556600864415,1043.6530972570558,0.0,0.0,0.0,0.0,0.0,182.66488799011196,614.7047884665598,287.8994569366079,780.9380673985438,87.81927162465598,9711.462383496717
1600204,AP,2012,1175008.0325140283,7193.009638051775,220478.91879891232,0.0,1228.4660392107837,1325.1686181148796,0.0,0.0,0.0,0.0,0.0,111.89955881491198,595.8842221965599,0.0,6905.551837070303,316.8881478100799,8078.298962486542
1600238,AP,2012,315653.3781358731,4854.130188910991,164321.77188288467,260.7476533310879,1657.1734447530237,849.5352673394399,0.0,0.0,0.0,0.0,0.0,15.267243358223995,0.0,8.973645997535998,7545.511316062366,333.5807353871519,5358.109821897887
1600212,AP,2012,45443.32626707912,9461.90669357419,143998.7823922301,0.0,1270.9051614452158,1073.3343849692637,0.0,0.0,0.0,0.0,0.0,0.0,0.0,77.45039431430399,10459.938738192765,473.50537208251194,7157.596860558143
1600279,AP,2012,3024009.883164867,11861.001917143629,15827.35344805454,162.00743445215997,913.8664722591359,819.3420602246877,0.0,0.0,0.0,0.0,0.0,340.2156123495359,11.161850502527997,911.4775150472638,6357.025178426735,78.35378149526399,8501.114276081855
1600253,AP,2012,39145.72388988887,6507.198240808318,73538.58729385235,0.040150541375999986,551.2267825511038,809.7260055651359,0.0,0.0,0.0,0.0,0.0,23.84942157734399,0.0,47.57839153055999,41697.08000399145,517.4099890771679,550.5944115244318
1600709,AP,2012,300572.16227347945,13674.822699075117,325473.2871316264,0.0,2354.688724807583,2034.2271788150395,0.0,0.0,0.0,0.0,0.0,68.53697412883199,0.0,0.0,17110.91606766854,92.84812693199999,11788.439851241854
1600808,AP,2012,179006.22009540067,1960.5408977547354,38791.957469824934,7905.37058078011,231.86937644639997,118.61473686004797,0.0,0.0,0.0,0.0,0.0,97.98739622812798,0.0,59.322424883039986,13925.99444828803,123.94472122771197,10407.070512835919
1600055,AP,2012,769413.7076955673,3613.9401916184156,0.0,0.0,120.68248974091196,23.63863123511999,0.0,0.0,0.0,0.0,0.0,0.0,10.117936426751998,100.47672979343999,761.0434741467359,6.534500608943999,2788.0335178787514
1600501,AP,2012,1842140.544710365,9403.83897310915,395743.4196047655,0.0,1970.2774040384154,1114.6994802218878,0.0,0.0,0.0,0.0,0.0,239.99986107503995,5.952317758991999,591.7587540701758,23168.970277374236,127.76906029377596,35532.717198357444
1600550,AP,2012,365246.74466065835,4009.874717762495,118277.26152214735,0.0,547.9143628875838,401.5656395720639,0.0,0.0,0.0,0.0,0.0,0.0,0.0,0.0,6889.270792542335,16.391458516751996,2938.5177469559994
1600535,AP,2012,340724.55057438277,22076.303406732426,65949.44237694964,25.575894856511994,4571.841770131679,1862.3527488197278,0.0,0.0,0.0,0.0,0.0,267.2921915753759,70.68502809244798,0.0,2142.2522103871675,391.95962254785593,7731.56892479875
1600600,AP,2012,49688.493194940325,3390.2213750713436,94856.87859231194,0.0,416.85295820097593,444.8378855400479,0.0,0.0,0.0,0.0,0.0,18.127969431263995,0.0,147.80418044039996,3793.5436008286074,1674.8296453231194,730.4989497949439
1600303,AP,2012,202762.90395980145,19427.0000469431,321705.6707428913,3.0614787799199994,4285.809313369055,1539.2613423670557,0.0,0.0,0.0,0.0,0.0,243.01115167823994,0.0,756.3458608057439,89701.07731077238,4601.4628320318225,10402.252447870796
1600402,AP,2012,1165827.5710778646,7014.952024684559,134397.06147594933,0.0,819.1714204238397,578.8704302884798,0.0,0.0,0.0,0.0,0.0,451.9144184575679,410.68985009975995,269.75141223465596,26897.49007644441,782.5340514182399,1025.4548643783837
1600105,AP,2012,318978.3147306671,5564.463529299838,491394.0944753517,0.0,282.2984564146559,138.47921720582397,0.0,0.0,0.0,0.0,0.0,0.0,0.0,0.0,29880.76563939931,312.52177643543996,4419.139223643407
1600154,AP,2012,943748.8941083669,9392.225429016142,0.0,0.0,1646.4331749349435,113.66618263545597,0.0,0.0,0.0,0.0,0.0,84.46670141975997,793.0635308940957,306.40885651094396,780.2153576537759,56.21075792639999,12014.25653357582
1600204,AP,2014,1174531.5459642487,8277.094330474461,220469.76447547865,0.0,2207.9987218903675,2950.3822319326073,0.0,0.0,0.0,0.0,0.0,176.52185515958396,678.9556923035038,0.0,6905.642175788397,1533.3190622434076,3510.8938271769116
1600238,AP,2014,315553.4635136589,5446.832480703502,164320.3866892072,420.3460553006879,1762.5485405943355,1549.3792787938078,0.0,0.0,0.0,0.0,0.0,61.611005741471985,0.0,8.973645997535998,7545.511316062366,2776.1188447254235,1413.0079650102236
1600212,AP,2014,45277.05283760576,10526.397921805388,143998.7823922301,0.0,4364.504374466015,1500.1848279728636,0.0,0.0,0.0,0.0,0.0,142.82551330977597,0.0,80.26093221062399,10459.938738192765,2482.6685754435834,584.1301512087358
1600279,AP,2014,3023554.3451600503,10901.373865351197,15826.269383437388,296.15039318937596,1857.6250225727035,4022.522138295935,0.0,0.0,0.0,0.0,0.0,376.94332007323186,11.161850502527997,918.4536716113437,6357.025178426735,490.6496532500639,5180.283074143583
1600253,AP,2014,39121.15175856676,3777.0517659584148,73538.58729385235,0.0,1296.8725240801436,1062.1926097374237,0.0,0.0,0.0,0.0,0.0,24.572131322111996,0.0,47.57839153055999,41697.08000399145,1086.8450421422876,1737.0830597266076
1600709,AP,2014,299960.33828635665,14160.37323357043,325473.2871316264,0.0,6352.4982048865895,3357.6793612860947,0.0,0.0,0.0,0.0,0.0,211.38256270929597,7.769129756255999,0.0,17110.91606766854,2863.8778905380154,3671.8071593765753
1600808,AP,2014,178879.3443846525,2236.4052299138875,38791.957469824934,16621.440817753723,769.2944103995038,779.5227608150399,0.0,0.0,0.0,0.0,0.0,57.37512362630398,0.0,59.322424883039986,13925.99444828803,327.8994337824479,180.33615659030397
1600055,AP,2014,769338.1243014269,4786.215548173487,0.0,0.0,481.94702340681596,632.8829460745438,0.0,0.0,0.0,0.0,0.0,49.17437555025599,17.405259686495995,100.65740722963199,761.0434741467359,563.4626600354399,107.26217128598397
1600501,AP,2014,1841385.3130270822,10031.201219744495,395737.4672870065,0.0,4453.146732188879,2385.243286794719,0.0,0.0,0.0,0.0,0.0,256.84301318227193,62.484280016399985,630.7047792048958,23169.33163224662,519.4275537813119,31408.78483018108
1600550,AP,2014,364920.1200065646,2679.325927103231,118276.50869949655,0.0,4233.392781602687,143.78912630279996,0.0,0.0,0.0,0.0,0.0,116.13544093007998,0.0,0.0,6889.270792542335,644.9381461226878,424.0599803779679
1600535,AP,2014,340293.09285675624,20448.269217383036,65948.7497801109,15.989953102991995,3493.6692449266075,10378.001520879694,0.0,0.0,0.0,0.0,0.0,244.40638299105592,130.71008744956796,0.0,2142.0815705863197,1090.4786661368157,1628.3754689510874
1600600,AP,2014,49628.0565925341,3203.9228630867033,94855.52351154051,0.0,551.3572718105759,569.4450907004639,0.0,0.0,0.0,0.0,0.0,44.56710092735999,0.0,147.80418044039996,3793.5436008286074,1702.0517123760474,665.8164276382079
1600303,AP,2014,202361.62941165434,23661.537118975004,321699.0760164703,0.040150541375999986,5225.030852507134,1912.0089308664953,0.0,0.0,0.0,0.0,0.0,264.3110138782079,0.0,768.9932813391838,89701.07731077238,7450.16381792971,2383.9885823767195
1600402,AP,2014,1165401.7946618425,6527.444151297167,134396.53951891145,0.0,1323.5425211891516,1394.1271729281596,0.0,0.0,0.0,0.0,0.0,328.7526327866879,517.6107417840478,277.46031617884796,26895.30187193942,1199.0457300175199,213.84178336857596
1600105,AP,2014,318863.8555748394,5108.564169610703,491389.95896958996,0.0,2196.8770219292155,12.808022698943997,0.0,0.0,0.0,0.0,0.0,68.80799028311998,0.0,0.0,29880.76563939931,2600.2092853218232,848.2303747447197
1600154,AP,2014,942933.4767635617,12228.018015861646,0.0,0.0,7048.015995507695,2014.8445049657757,0.0,0.0,0.0,0.0,0.0,505.30460085230385,1348.0042385224797,493.86169656014386,745.3144995626878,545.9570239955038,1073.0432935442877
1600204,AP,2016,1174289.8296675298,10039.231328019694,219382.03612142606,0.0,3349.0469948902555,5722.204968730799,0.0,0.0,0.0,0.0,0.0,117.71134967908796,638.1627422654879,241.27464076372794,6902.640922820542,559.9796005710718,0.0
1600238,AP,2016,315450.76846645446,10635.386566370544,95965.04357192489,32138.882274562264,12230.477236520925,24428.091254925595,0.0,0.0,604.2254971674238,604.2254971674238,0.0,1466.1371688860156,9.174398704415998,150.09276129883196,7779.90013898011,0.0,0.0
1600212,AP,2016,45144.315147816706,11145.137839680237,141552.71103525074,0.0,4799.987183865455,5892.784543766735,0.0,0.0,0.0,0.0,0.0,172.99864515383996,0.0,112.73268254846397,10544.465665424588,51.61352093884799,0.0
1600279,AP,2016,3023032.3078210796,11346.482767045532,15713.014743851036,182.92586650905596,4807.706125444991,3222.6932411799835,0.0,0.0,0.0,0.0,0.0,73.33496382326399,7.026344740799999,712.0397383973278,6358.159431220605,5.400247815071999,4331.711419797167
1600253,AP,2016,39600.56929786689,4293.508179677903,60274.26372980547,6276.533380603199,2320.952232416399,6043.389224468111,0.0,0.0,2528.5405689656636,2213.3387438933755,315.20182507228793,278.50423025462396,0.0,58.07775810038398,41714.67597874948,0.0,0.0
1600709,AP,2016,303313.6412386327,17081.415457392523,309250.26013594674,3342.7232846235347,6397.0753434492935,13364.810331475677,0.0,0.0,538.9206416193599,538.9206416193599,0.0,2456.6610622672797,74.48929188782398,218.19811710787195,17114.067885166554,17.666238205439996,0.0
1600808,AP,2016,178521.12125449584,5959.996550030159,37266.52798896191,12990.46675895654,2742.010959826511,759.5880170218559,0.0,0.0,0.0,0.0,0.0,154.04758962436796,149.08899776443198,140.55700772203198,13945.487536126075,0.0,0.0
1600055,AP,2016,769206.1996601007,4524.976050710543,0.0,0.0,1207.8286609435197,969.3745957114559,0.0,0.0,0.0,0.0,0.0,8.833119102719998,0.0,159.91960630060797,761.0434741467359,0.0,0.0
1600501,AP,2016,1841289.2930073815,9969.148558047886,394741.8342372351,0.0,5796.102040133326,6596.2722168509745,0.0,0.0,0.0,0.0,0.0,85.61099184897598,0.0,499.6734874243199,23172.17228304897,26.96108853398399,27862.879730924295
1600550,AP,2016,364767.26689554617,5044.94563680043,117831.4198730729,0.0,1434.6390691765437,2189.8908277297915,0.0,0.0,0.0,0.0,0.0,129.20444214796797,0.0,3.9949788669119988,6889.270792542335,36.90838515988799,0.0
1600535,AP,2016,339836.4005238749,20757.66928922649,41937.83268771729,14388.659174199021,11361.167827553805,14304.343037309422,0.0,0.0,0.0,0.0,0.0,287.97975801935996,168.01997802321597,629.0786822791678,2142.6737910716156,0.0,0.0
1600600,AP,2016,49684.75919459235,3252.5250934223513,89637.77998229311,0.0,2942.5629139996313,3619.3705523395192,2.9410271557919994,0.0,0.0,0.0,0.0,287.97975801935996,0.0,1806.6438726605277,3927.525957400319,0.0,0.0
1600303,AP,2016,204020.46910387446,22163.2594417175,272091.2251838837,13890.51140734699,11949.021941475165,23118.8423264663,0.0,0.0,7801.721958217967,7189.255562433119,612.4663957848479,4007.315120749775,81.20446993295998,6512.84942950699,89791.78742137611,0.0,0.0
1600402,AP,2016,1165006.1110765822,6714.515561203295,133873.14709916923,0.0,3128.0182646153753,2218.2270723059037,0.0,0.0,0.0,0.0,0.0,143.60844886660797,221.14918189900797,265.54564302551995,26905.13875457654,0.0,0.0
1600105,AP,2016,318828.89449093625,5998.3804675856145,489624.61996637,0.0,1439.2764567054717,3042.0860684353916,0.0,0.0,0.0,0.0,0.0,123.33242547172797,0.0,119.57834985307198,29857.14708343487,1936.7617396247997,0.0
1600154,AP,2016,942268.3730080329,14661.421877036877,0.0,0.0,5137.321994871262,4543.6661277210715,0.0,0.0,0.0,0.0,0.0,141.53065835039996,1070.0320029410877,337.4050744532159,770.4587760994078,7.076532917519999,0.0
1600204,AP,2018,1173703.862629053,10576.3150823711,219382.03612142606,0.0,2263.5269206133753,6756.502989847246,0.0,0.0,0.0,0.0,0.0,212.22572407819197,629.8616178359998,250.40888892676796,6902.640922820542,564.7374397241279,0.0
1600238,AP,2018,314910.0611257439,13459.726211288542,95965.04357192489,35509.12875529904,9219.919380701036,22628.001958144698,0.0,0.0,674.6796596469597,672.1501755402718,2.5294841066879994,506.5994558116799,26.900862721919996,127.82928610583997,7792.015564840318,38.27350356667199,0.0
1600212,AP,2018,44976.53607304175,11037.524351157213,141552.71103525074,0.0,3940.876012407839,7063.01222271163,0.0,0.0,0.0,0.0,0.0,147.14169650769594,0.0,102.86568700531197,10544.465665424588,51.61352093884799,0.0
1600279,AP,2018,3022581.8388221115,10992.636045898846,15713.014743851036,0.0,4521.7238568590865,4467.520626001487,0.0,0.0,0.0,0.0,0.0,178.36878006287995,0.0,641.1941081393758,6358.159431220605,6.634876962383998,4331.711419797167
1600253,AP,2018,38925.89967585527,4742.230630096078,60274.26372980547,6275.921084847215,1963.4518120044954,6204.714099716879,0.0,0.0,2560.3397977354552,0.0,2560.3397977354552,663.8892016521598,0.0,63.628570445615985,41714.67597874948,0.0,0.0
1600709,AP,2018,298663.3453106524,17285.932277526525,309250.26013594674,1023.3670362268317,7045.637075931166,15676.196697409243,0.0,0.0,2526.0713106710396,1736.2298607223677,789.8414499486719,4265.151859831103,79.94976551495998,214.47415439524795,17114.05784753121,25.485556138415994,0.0
1600808,AP,2018,178221.45768893606,5961.130802824031,37266.52798896191,12420.459560676813,2764.545451173791,1639.3867549234558,0.0,0.0,0.0,0.0,0.0,182.12285568153595,139.80418507123196,81.27473338036798,13952.182638900525,0.0,0.0
1600055,AP,2018,769167.514613485,4385.001225838463,0.0,0.0,1506.7695167585277,865.0634892166079,0.0,0.0,0.0,0.0,0.0,17.636125299407997,0.0,135.14672227161597,761.0434741467359,0.0,0.0
1600501,AP,2018,1840603.220631619,10879.742761184878,394741.8342372351,0.0,5727.886270335503,6217.923627829583,0.0,0.0,0.0,0.0,0.0,380.8780731280799,0.0,430.2230884791839,23169.040540821643,26.318679871967994,27862.879730924295
1600550,AP,2018,364669.8014563559,5090.195296931182,117831.4198730729,0.0,1166.7847700219038,2481.8053388039993,0.0,0.0,0.0,0.0,0.0,50.57964449841599,0.0,0.0,6889.270792542335,147.68372881627198,0.0
1600535,AP,2018,339091.58790607954,24370.56556676913,41937.83268771729,13893.613036668283,7751.54381913331,15514.771445807039,0.0,0.0,0.0,0.0,0.0,318.89567487887996,221.76147765499192,575.2468439292959,2136.3801937109274,1.6260969257279998,0.0
1600600,AP,2018,49406.174663254984,3865.382956985615,89637.77998229311,0.0,2417.253305906735,4023.345224394143,0.0,0.0,0.0,0.0,0.0,247.50801231235192,0.0,1622.5737157222557,3928.559833840751,13.510657173023997,0.0
1600303,AP,2018,201312.54595367622,23645.707768037515,272091.2251838837,13357.081352260797,10195.176030724077,25502.740570124923,0.0,0.0,10004.03937850363,6154.997691858047,3849.041686645583,2610.9897056812792,90.23834174255998,6574.600962143279,89796.24413146885,247.61842630113594,0.0
1600402,AP,2018,1164263.1654589607,7002.314641786463,133873.14709916923,0.0,2661.107618953871,2763.1803327670073,0.0,0.0,0.0,0.0,0.0,563.7035632836959,209.97729376113594,240.45155466551998,26898.41353889606,0.0,0.0
1600105,AP,2018,318753.1605322658,6167.635074756143,489624.61996637,0.0,1373.1886656005756,3021.0772976603994,0.0,0.0,0.0,0.0,0.0,59.673742120079986,0.0,119.42778532291199,29863.75184749123,1987.5421368300954,0.0
1600154,AP,2018,941816.5991164701,13953.919149815038,0.0,0.0,6681.742681805134,4111.726603598063,0.0,0.0,0.0,0.0,0.0,204.55697067537596,1101.0784090600798,286.0726073039999,772.2956633673598,9.294850328543998,0.0
1600204,AP,2020,1173383.501459414,8090.725555042414,219291.315973187,0.0,2828.2442850668153,8280.758067375022,0.0,0.0,0.0,0.0,0.0,191.59838344627195,1196.4861330047997,283.7940640809119,6904.668525160031,791.0258909192638,0.0
1600238,AP,2020,314734.4426577653,7658.535090035806,95029.15452772102,32884.06628486548,12458.482123359885,28564.821608165563,0.0,0.0,880.1801680446717,880.1801680446717,0.0,566.1226334015998,37.912148694287986,201.71631987302393,7795.900129718446,46.84564415044799,0.0
1600212,AP,2020,44856.997873730055,11367.812742151533,140952.8418718226,0.0,3690.9087794362067,7848.25643567275,0.0,0.0,0.0,0.0,0.0,46.81553124441599,0.0,102.86568700531197,10547.50706893382,2.7402744489119994,0.0
1600279,AP,2020,3022327.9167608144,7655.313009090383,15713.014743851036,43.21202015591999,5289.522659592335,7357.4261049864945,0.0,0.0,0.0,0.0,0.0,36.90838515988799,0.0,656.0196955424639,6359.253533473103,0.0,4354.215798238415
1600253,AP,2020,38916.79554059826,4298.607298432655,59315.007070520776,3346.166193546527,5439.37451764291,8506.22343247195,0.0,0.0,1670.4331610424474,1670.4331610424474,0.0,85.56080367225597,0.0,96.17058423086398,41714.67597874948,0.0,0.0
1600709,AP,2020,297972.6756979024,18776.501050839837,307209.74939740635,0.0,6472.799264484431,21606.57218553926,0.0,0.0,2841.1928346605755,2841.1928346605755,0.0,787.0710625937278,107.34247236873598,225.89698341671993,17114.087960437242,56.040118125551984,0.0
1600808,AP,2020,177993.53310317986,5012.32332193243,37220.947086864806,12962.220853098523,2177.9360040350875,2817.333375447887,0.0,0.0,0.0,0.0,0.0,133.91209312430396,274.00736962051195,81.27473338036798,13955.404719845947,0.0,0.0
1600055,AP,2020,769101.8584406999,4823.033594615278,0.0,0.0,714.4186579738558,1267.1109352851838,0.0,0.0,0.0,0.0,0.0,8.030108275199998,0.0,162.67995602020795,761.0434741467359,0.0,0.0
1600501,AP,2020,1839807.175923028,10036.76206972507,394660.3386758772,0.0,4464.449109586223,8933.967225021166,0.0,0.0,0.0,0.0,0.0,110.36380060727998,0.0,828.5967600118558,23168.739411761322,51.22205316043198,27978.33261265099
1600550,AP,2020,364424.3310840184,5411.720832270191,117556.15779903438,0.0,879.0258399801119,2689.714879684271,0.0,0.0,0.0,0.0,0.0,241.66610854214395,12.185689307615997,54.39394592913599,6889.270792542335,169.073929734336,0.0
1600535,AP,2020,338730.744953098,21616.38899290569,41224.19696530026,13957.4925479975,10069.886266360269,16890.258729901387,0.0,0.0,72.36131319489598,72.36131319489598,0.0,297.82667829182395,181.86187716259195,627.1213433870878,2143.4667642637914,2.2183174110239996,0.0
1600600,AP,2020,49362.350347343076,3632.6804568056637,88970.1166297516,0.0,1689.2035391357276,5036.815152171791,0.0,0.0,298.49919985987196,298.49919985987196,0.0,188.68746919651196,0.0,1967.9486726386074,3900.4243419715194,115.36254300859197,0.0
1600303,AP,2020,200440.14495302315,22836.48364423958,270267.3165784315,13861.663243368333,10605.735391564365,31375.77104753467,0.0,0.0,7413.92795433787,6532.242140991598,881.6858133462719,735.1262996885279,56.130456843647984,7821.45594930427,89773.75982829828,240.69245791377594,0.0
1600402,AP,2020,1163941.7804505166,6666.515588988285,133833.62892881993,0.0,3238.4422910347193,3476.3141734168307,0.0,0.0,0.0,0.0,0.0,75.25215217396799,21.701367613727996,243.88442595316792,26921.680777623453,56.260946103119984,0.0
1600105,AP,2020,318683.33874081296,7712.14610040811,489166.19112257415,0.0,718.6445024536798,3027.6419111753753,0.0,0.0,0.0,0.0,0.0,249.95719533628792,0.0,127.09653872572797,29877.92498859695,1407.1359483339836,0.0
1600154,AP,2020,941237.5279334747,15683.654660469836,0.0,0.0,4285.658748838895,6471.393995536271,0.0,0.0,0.0,0.0,0.0,103.22704187769598,69.74149037011199,300.4264258459199,783.4073256931679,2.2484303170559996,0.0
1600204,AP,2022,1173088.445168477,7914.30407623627,219270.99979925074,0.0,3912.7405205386076,7278.690893348158,0.0,0.0,0.0,0.0,0.0,190.23326503948795,1581.8309538609597,292.6974466310399,6904.668525160031,807.5076881541119,0.0
1600238,AP,2022,314652.32476301596,7130.244304245742,94722.72559593938,32716.33739826724,18662.91516928713,23793.040179616743,0.0,0.0,874.2780384623998,0.0,874.2780384623998,209.80665396028797,40.68253604923199,212.98858436433596,7795.880054447758,46.95605813923199,0.0
1600212,AP,2022,44821.314080082135,11350.08627813403,140893.09786625512,0.0,2267.5620500216637,9384.847767038302,0.0,0.0,0.0,0.0,0.0,25.816798104767994,0.0,124.06517285183996,10547.336429132973,2.6198228247839994,0.0
1600279,AP,2022,3021883.851773196,8084.682898565326,15706.138963640396,162.53942912539196,7601.993090143053,4708.524250610927,1.0037635343999998,0.0,0.0,0.0,0.0,174.07267213564796,0.0,705.5353506944158,6359.253533473103,0.0,4405.206985785935
1600253,AP,2022,38909.21712591354,3945.101856887663,59206.26936683922,6536.036367151631,2339.2809545545433,9623.352020447084,0.0,0.0,965.3495039385118,90.40898154340798,874.9405223951038,43.09156853179199,0.0,106.63983789465597,41714.67597874948,0.0,0.0
1600709,AP,2022,297867.20022570767,18375.93917480217,306875.92775877094,0.0,3156.3745844621753,26210.75521674931,0.0,0.0,2922.0058368151194,0.0,2922.0058368151194,191.53815763420792,118.52439814195198,276.49670318582395,17114.087960437242,61.079011068239986,0.0
1600808,AP,2022,177663.1945240088,5721.642861151535,37217.92575862626,12964.74029956987,2705.152762843343,1987.2610830404635,0.0,0.0,0.0,0.0,0.0,58.268473171919986,274.0776330679199,81.27473338036798,13955.354531669229,0.0,0.0
1600055,AP,2022,769049.5824358283,4979.711044699775,0.0,0.0,851.3520793367037,1015.8689226248638,0.0,0.0,0.0,0.0,0.0,17.405259686495995,0.0,163.21195069343995,761.0434741467359,0.0,0.0
1600501,AP,2022,1839440.260200663,10088.646606818205,394545.39771355304,0.0,5943.093172110863,7536.196390463134,0.0,0.0,0.0,0.0,0.0,222.06260671531192,15.688824042671996,919.2867953448957,23168.739411761322,51.00122518286399,28109.574694773783
1600550,AP,2022,364402.4189260624,5431.233995378927,117516.33849962475,0.0,655.6583406700798,3180.4347963817436,0.0,0.0,0.0,0.0,0.0,0.0,17.967367265759997,64.52191999123198,6889.270792542335,169.69626312566396,0.0
1600535,AP,2022,338431.47285531665,23337.361647905178,40965.35646268453,14108.197605052315,7023.785143787278,18395.141171215244,0.0,0.0,249.78655553543993,0.0,249.78655553543993,270.1930681897919,245.48040997286392,646.7549581199518,2138.0765540840634,2.2183174110239996,0.0
1600600,AP,2022,49349.40179774932,3542.422039792415,88794.48812413764,0.0,1402.3881468162717,5617.020587961023,8.963608362191998,0.0,355.36240408363193,0.0,355.36240408363193,82.20823346735999,0.0,1982.7642224063518,3900.4243419715194,126.64484513524796,0.0
1600303,AP,2022,200296.54654179187,20032.229307644924,269369.59062380553,14203.705705350476,9525.053457523294,36335.948853855014,18.700114645871995,0.0,7398.680786250333,727.7988258874078,6670.881960362925,248.66234037691194,57.91715593487999,7895.041854011134,89773.73975302759,272.39131033012796,0.0
1600402,AP,2022,1163418.2374662443,7335.955602985678,133778.69295058222,0.0,2716.525403688095,3495.6265838186873,0.45169359047999985,0.0,0.0,0.0,0.0,316.21562624203193,156.25586940004797,286.15290838675196,26914.845147954187,56.50184935137598,0.0
1600105,AP,2022,318683.33874081296,6494.199503037838,489025.864980465,0.0,1084.0345042459678,3592.710592865855,0.0,0.0,0.0,0.0,0.0,54.79545134289598,0.0,134.69502868113597,29877.92498859695,2022.5132583685918,0.0
1600154,AP,2022,940702.1204642259,16529.00423387083,0.0,0.0,4556.624714950175,4449.954764149487,0.0,0.0,0.0,0.0,0.0,335.9897678697119,1272.3003927580316,305.76644784892795,782.9054439259677,2.6198228247839994,0.0
