rgint_id,ano,native_ha
1101,2008,9208775.94
1101,2009,9171980.34
1101,2010,9140505.25
1101,2011,9066499.39
1101,2012,8980200.49
1101,2013,8895143.81
1101,2014,8818151.62
1101,2015,8713857.16
1101,2016,8569630.85
1101,2017,8441052.67
1101,2018,8338487.77
1101,2019,8194268.14
1101,2020,8062530.71
1101,2021,7894602.69
1101,2022,7724707.68
1101,2023,7618007.19
1101,2024,7583410.62
1102,2008,7051565.4
1102,2009,7035398.9
1102,2010,7032143.44
1102,2011,7018360.96
1102,2012,7018142.49
1102,2013,7021721.59
1102,2014,7011142.95
1102,2015,6990797.39
1102,2016,6965362.44
1102,2017,6937894.86
1102,2018,6911585.25
1102,2019,6857420.48
1102,2020,6811748.53
1102,2021,6758107.29
1102,2022,6684523.07
1102,2023,6592363.52
1102,2024,6569186.3
1201,2008,6545456.57
1201,2009,6513001.99
1201,2010,6483830.86
1201,2011,6462608.68
1201,2012,6443282.3
1201,2013,6422726.23
1201,2014,6398366.39
1201,2015,6367884.98
1201,2016,6350235.47
1201,2017,6327029.03
1201,2018,6298907.85
1201,2019,6238476.49
1201,2020,6172947.28
1201,2021,6107540.12
1201,2022,6021818.86
1201,2023,5979851.59
1201,2024,5951216.58
1202,2008,8246416.25
1202,2009,8236317.84
1202,2010,8227455.43
1202,2011,8218119.51
1202,2012,8211006.01
1202,2013,8201209.36
1202,2014,8191499.85
1202,2015,8180723.91
1202,2016,8169358.7
1202,2017,8157631.99
1202,2018,8144487.5
1202,2019,8108394.51
1202,2020,8075804.41
1202,2021,8034980.39
1202,2022,7984478.02
1202,2023,7956690.87
1202,2024,7930940.2
1301,2008,53936753.22
1301,2009,53900409.04
1301,2010,53975248.28
1301,2011,53948781.85
1301,2012,53936778.91
1301,2013,53981204.81
1301,2014,53990155.77
1301,2015,54009488.37
1301,2016,54090194.68
1301,2017,53940879.88
1301,2018,54001551.77
1301,2019,53956330.89
1301,2020,54008117.93
1301,2021,53911200.92
1301,2022,53581344.88
1301,2023,53691333.98
1301,2024,53795633.6
1302,2008,42762437.51
1302,2009,42736886.76
1302,2010,42760208.86
1302,2011,42754313.76
1302,2012,42758156.23
1302,2013,42737668.14
1302,2014,42762572.76
1302,2015,42729561.31
1302,2016,42736935.33
1302,2017,42746740.1
1302,2018,42747241.95
1302,2019,42724438.24
1302,2020,42724586.83
1302,2021,42707896.94
1302,2022,42627358.16
1302,2023,42614921.01
1302,2024,42634659.62
1303,2008,41538673.6
1303,2009,41507850.64
1303,2010,41498607.81
1303,2011,41466326.35
1303,2012,41440962.43
1303,2013,41415513.55
1303,2014,41364701.76
1303,2015,41313571.89
1303,2016,41233296.11
1303,2017,41162261.73
1303,2018,41086900.22
1303,2019,40931349.35
1303,2020,40791853.56
1303,2021,40560563.06
1303,2022,40278583.66
1303,2023,40182105.16
1303,2024,40115249.6
1304,2008,11516588.32
1304,2009,11492327.61
1304,2010,11578231.73
1304,2011,11542590.42
1304,2012,11485389.63
1304,2013,11482537.15
1304,2014,11468851.78
1304,2015,11491314.91
1304,2016,11579311.48
1304,2017,11506574.26
1304,2018,11553973.49
1304,2019,11529767.91
1304,2020,11548602.89
1304,2021,11497045.78
1304,2022,11429600.02
1304,2023,11457188.41
1304,2024,11539962.06
1401,2008,10591974.92
1401,2009,10592104.0
1401,2010,10578845.87
1401,2011,10587311.04
1401,2012,10592130.28
1401,2013,10584789.73
1401,2014,10564407.42
1401,2015,10528503.16
1401,2016,10503472.8
1401,2017,10489626.65
1401,2018,10487196.92
1401,2019,10471656.89
1401,2020,10458638.05
1401,2021,10440990.17
1401,2022,10401391.23
1401,2023,10402242.55
1401,2024,10372172.69
1402,2008,10708238.54
1402,2009,10710272.56
1402,2010,10733346.48
1402,2011,10713076.14
1402,2012,10721719.51
1402,2013,10754213.41
1402,2014,10766230.94
1402,2015,10794381.86
1402,2016,10750482.39
1402,2017,10708332.25
1402,2018,10712987.33
1402,2019,10712200.64
1402,2020,10671053.87
1402,2021,10613125.03
1402,2022,10468568.34
1402,2023,10528270.44
1402,2024,10538957.37
1501,2008,3110432.02
1501,2009,3076909.15
1501,2010,3068652.33
1501,2011,3077333.0
1501,2012,3082919.43
1501,2013,3061760.68
1501,2014,3044167.88
1501,2015,3021400.69
1501,2016,2987377.28
1501,2017,2967326.49
1501,2018,2945759.52
1501,2019,2946617.69
1501,2020,2939547.71
1501,2021,2910639.81
1501,2022,2890016.35
1501,2023,2836228.12
1501,2024,2807443.31
1502,2008,4510130.57
1502,2009,4459483.15
1502,2010,4457951.07
1502,2011,4473588.41
1502,2012,4484857.71
1502,2013,4454310.62
1502,2014,4416752.42
1502,2015,4366087.91
1502,2016,4303616.27
1502,2017,4277365.49
1502,2018,4286197.59
1502,2019,4292400.35
1502,2020,4288184.6
1502,2021,4256285.32
1502,2022,4184401.49
1502,2023,4069574.24
1502,2024,4035348.83
1503,2008,6043093.2
1503,2009,5953050.23
1503,2010,5875662.83
1503,2011,5844571.07
1503,2012,5820112.15
1503,2013,5786022.55
1503,2014,5733594.46
1503,2015,5653984.33
1503,2016,5574687.0
1503,2017,5500347.59
1503,2018,5418777.59
1503,2019,5294683.25
1503,2020,5189631.82
1503,2021,5072422.39
1503,2022,4930371.1
1503,2023,4717615.41
1503,2024,4650496.88
1504,2008,11673501.52
1504,2009,11587351.73
1504,2010,11524951.8
1504,2011,11471780.6
1504,2012,11421756.76
1504,2013,11356311.71
1504,2014,11321819.55
1504,2015,11272601.9
1504,2016,11235228.53
1504,2017,11186676.66
1504,2018,11151809.25
1504,2019,11052732.27
1504,2020,10957226.55
1504,2021,10844353.37
1504,2022,10732437.95
1504,2023,10601050.47
1504,2024,10534425.4
1505,2008,40322178.11
1505,2009,40221771.66
1505,2010,40305977.83
1505,2011,40276315.46
1505,2012,40201808.81
1505,2013,40162706.33
1505,2014,40082503.62
1505,2015,39980250.04
1505,2016,39974393.76
1505,2017,39877909.15
1505,2018,39832550.13
1505,2019,39678973.38
1505,2020,39562504.77
1505,2021,39329990.57
1505,2022,39095195.71
1505,2023,39080981.28
1505,2024,38991022.13
1506,2008,28397617.49
1506,2009,28349340.79
1506,2010,28327832.83
1506,2011,28293080.38
1506,2012,28256444.97
1506,2013,28221676.6
1506,2014,28213691.3
1506,2015,28187728.44
1506,2016,28142593.75
1506,2017,28083527.42
1506,2018,28002491.85
1506,2019,27840916.73
1506,2020,27670983.55
1506,2021,27479881.48
1506,2022,27278473.75
1506,2023,27202913.53
1506,2024,27146915.51
1507,2008,8947024.12
1507,2009,8947240.57
1507,2010,8926738.77
1507,2011,8926660.52
1507,2012,8931993.53
1507,2013,8958425.35
1507,2014,8954963.7
1507,2015,8955695.83
1507,2016,8952015.6
1507,2017,8941874.16
1507,2018,8929590.52
1507,2019,8910989.52
1507,2020,8889635.49
1507,2021,8861325.13
1507,2022,8774989.71
1507,2023,8760653.86
1507,2024,8753905.44
1601,2008,5325263.17
1601,2009,5332468.66
1601,2010,5328904.84
1601,2011,5322587.2
1601,2012,5332831.04
1601,2013,5337421.71
1601,2014,5340440.86
1601,2015,5346186.06
1601,2016,5340550.5
1601,2017,5336186.21
1601,2018,5341901.7
1601,2019,5341067.74
1601,2020,5333761.49
1601,2021,5329215.3
1601,2022,5284548.26
1601,2023,5294057.22
1601,2024,5292150.72
1602,2008,8320456.16
1602,2009,8328082.58
1602,2010,8324540.32
1602,2011,8326393.68
1602,2012,8342582.28
1602,2013,8365192.39
1602,2014,8366905.45
1602,2015,8377738.36
1602,2016,8378953.06
1602,2017,8377013.33
1602,2018,8388950.97
1602,2019,8388122.74
1602,2020,8377595.78
1602,2021,8365023.27
1602,2022,8301653.78
1602,2023,8319050.62
1602,2024,8312478.81
1701,2008,8800492.0
1701,2009,8761585.35
1701,2010,8722823.67
1701,2011,8690509.93
1701,2012,8621956.49
1701,2013,8516057.2
1701,2014,8427202.3
1701,2015,8360220.6
1701,2016,8311698.79
1701,2017,8287783.75
1701,2018,8254562.73
1701,2019,8198197.55
1701,2020,8143991.79
1701,2021,8112029.35
1701,2022,8077794.93
1701,2023,7976799.61
1701,2024,7908483.64
1702,2008,4549151.66
1702,2009,4510667.65
1702,2010,4469623.39
1702,2011,4434320.64
1702,2012,4401858.79
1702,2013,4347724.06
1702,2014,4330721.54
1702,2015,4289337.55
1702,2016,4264320.38
1702,2017,4234728.78
1702,2018,4215079.55
1702,2019,4184389.73
1702,2020,4162825.59
1702,2021,4143621.46
1702,2022,4097254.25
1702,2023,4017072.96
1702,2024,3964660.14
1703,2008,6200283.16
1703,2009,6177871.39
1703,2010,6159693.45
1703,2011,6124191.09
1703,2012,6048465.62
1703,2013,5926059.52
1703,2014,5823117.02
1703,2015,5738907.87
1703,2016,5708135.48
1703,2017,5699078.77
1703,2018,5688545.56
1703,2019,5661091.37
1703,2020,5628688.61
1703,2021,5598137.1
1703,2022,5566568.18
1703,2023,5517441.04
1703,2024,5470128.54
2101,2008,5765526.38
2101,2009,5755419.66
2101,2010,5747331.37
2101,2011,5706582.74
2101,2012,5704186.95
2101,2013,5654319.96
2101,2014,5611444.92
2101,2015,5589599.78
2101,2016,5561280.07
2101,2017,5525960.37
2101,2018,5479409.37
2101,2019,5440220.58
2101,2020,5411623.83
2101,2021,5372409.12
2101,2022,5286686.09
2101,2023,5236050.62
2101,2024,5196569.38
2102,2008,3533717.87
2102,2009,3474927.72
2102,2010,3468183.57
2102,2011,3429073.68
2102,2012,3400974.87
2102,2013,3378570.9
2102,2014,3368690.37
2102,2015,3355647.14
2102,2016,3338421.74
2102,2017,3326487.59
2102,2018,3313586.59
2102,2019,3290953.21
2102,2020,3253617.58
2102,2021,3213225.8
2102,2022,3103773.88
2102,2023,3013154.4
2102,2024,2975356.44
2103,2008,2459274.61
2103,2009,2452188.62
2103,2010,2445070.03
2103,2011,2434398.73
2103,2012,2425860.83
2103,2013,2408869.72
2103,2014,2396558.69
2103,2015,2384124.87
2103,2016,2369698.07
2103,2017,2354372.93
2103,2018,2334509.88
2103,2019,2305627.36
2103,2020,2252809.15
2103,2021,2198243.55
2103,2022,2156765.2
2103,2023,2090858.98
2103,2024,2040977.03
2104,2008,3391001.14
2104,2009,3384133.75
2104,2010,3372013.02
2104,2011,3358968.82
2104,2012,3339445.69
2104,2013,3296080.13
2104,2014,3266455.71
2104,2015,3229824.41
2104,2016,3197498.28
2104,2017,3165918.32
2104,2018,3130329.3
2104,2019,3090438.17
2104,2020,3020769.61
2104,2021,2980584.08
2104,2022,2952099.4
2104,2023,2891173.96
2104,2024,2850116.68
2105,2008,9532627.45
2105,2009,9436061.21
2105,2010,9376090.24
2105,2011,9310222.87
2105,2012,9218801.87
2105,2013,9130627.12
2105,2014,9065186.53
2105,2015,8958696.22
2105,2016,8874666.93
2105,2017,8808726.61
2105,2018,8750252.07
2105,2019,8668057.59
2105,2020,8528102.69
2105,2021,8421139.09
2105,2022,8280196.83
2105,2023,8062464.93
2105,2024,7923426.19
2201,2008,4955060.73
2201,2009,4949243.62
2201,2010,4937806.65
2201,2011,4911029.36
2201,2012,4881598.5
2201,2013,4841238.57
2201,2014,4806991.13
2201,2015,4783889.21
2201,2016,4774150.46
2201,2017,4765780.26
2201,2018,4765485.5
2201,2019,4753979.02
2201,2020,4748570.89
2201,2021,4738865.07
2201,2022,4721456.01
2201,2023,4695719.97
2201,2024,4673673.84
2202,2008,1881993.01
2202,2009,1876030.0
2202,2010,1870226.48
2202,2011,1856981.77
2202,2012,1844599.94
2202,2013,1833353.16
2202,2014,1826578.05
2202,2015,1816754.05
2202,2016,1810713.29
2202,2017,1803704.61
2202,2018,1797670.43
2202,2019,1792525.19
2202,2020,1783775.41
2202,2021,1772912.57
2202,2022,1762550.68
2202,2023,1757031.11
2202,2024,1749495.37
2203,2008,2768238.11
2203,2009,2759701.18
2203,2010,2745923.46
2203,2011,2745563.57
2203,2012,2752260.08
2203,2013,2755746.93
2203,2014,2759758.41
2203,2015,2764546.9
2203,2016,2766949.15
2203,2017,2762541.17
2203,2018,2752292.88
2203,2019,2762086.15
2203,2020,2765776.67
2203,2021,2764506.16
2203,2022,2760620.69
2203,2023,2748274.93
2203,2024,2727569.39
2204,2008,2383505.09
2204,2009,2388562.38
2204,2010,2395672.85
2204,2011,2399451.2
2204,2012,2399781.51
2204,2013,2399187.57
2204,2014,2398029.33
2204,2015,2396849.84
2204,2016,2397890.39
2204,2017,2396067.49
2204,2018,2391814.81
2204,2019,2387003.7
2204,2020,2384566.32
2204,2021,2374008.37
2204,2022,2361397.73
2204,2023,2356159.13
2204,2024,2325102.89
2205,2008,4649340.56
2205,2009,4637596.48
2205,2010,4604212.57
2205,2011,4594079.94
2205,2012,4533896.59
2205,2013,4495646.22
2205,2014,4456553.88
2205,2015,4428305.29
2205,2016,4418398.06
2205,2017,4409059.65
2205,2018,4395070.82
2205,2019,4369087.89
2205,2020,4322463.09
2205,2021,4274135.15
2205,2022,4199233.19
2205,2023,4130602.05
2205,2024,4047605.31
2206,2008,5363922.04
2206,2009,5356147.41
2206,2010,5307613.47
2206,2011,5295897.39
2206,2012,5231191.79
2206,2013,5185495.9
2206,2014,5148388.26
2206,2015,5109125.9
2206,2016,5094694.34
2206,2017,5075190.85
2206,2018,5058075.39
2206,2019,5001527.2
2206,2020,4948163.13
2206,2021,4905447.89
2206,2022,4820884.03
2206,2023,4748008.77
2206,2024,4643732.97
2301,2008,2298659.83
2301,2009,2283759.66
2301,2010,2273693.86
2301,2011,2261910.44
2301,2012,2257884.35
2301,2013,2256395.66
2301,2014,2261044.99
2301,2015,2271238.54
2301,2016,2284373.71
2301,2017,2319822.01
2301,2018,2324048.5
2301,2019,2309161.7
2301,2020,2288549.83
2301,2021,2261748.27
2301,2022,2237342.53
2301,2023,2202659.93
2301,2024,2143679.24
2302,2008,1884520.2
2302,2009,1860863.04
2302,2010,1848227.19
2302,2011,1837153.53
2302,2012,1831064.49
2302,2013,1816771.49
2302,2014,1809091.66
2302,2015,1798934.27
2302,2016,1793328.74
2302,2017,1799236.86
2302,2018,1803115.56
2302,2019,1801740.97
2302,2020,1798408.24
2302,2021,1789766.08
2302,2022,1776252.77
2302,2023,1748405.58
2302,2024,1717774.16
2303,2008,1071475.5
2303,2009,1063599.4
2303,2010,1062085.66
2303,2011,1061390.99
2303,2012,1059403.77
2303,2013,1052612.31
2303,2014,1046304.98
2303,2015,1036074.51
2303,2016,1025372.22
2303,2017,1016896.76
2303,2018,1004270.29
2303,2019,990492.49
2303,2020,978824.97
2303,2021,971528.01
2303,2022,954814.58
2303,2023,928663.32
2303,2024,893275.98
2304,2008,1576643.62
2304,2009,1570693.55
2304,2010,1572184.81
2304,2011,1568677.9
2304,2012,1565482.12
2304,2013,1561689.66
2304,2014,1559078.47
2304,2015,1553335.5
2304,2016,1545004.6
2304,2017,1536923.57
2304,2018,1527742.78
2304,2019,1517000.45
2304,2020,1500797.91
2304,2021,1484952.57
2304,2022,1465564.2
2304,2023,1443846.16
2304,2024,1421602.88
2305,2008,1449044.15
2305,2009,1450633.39
2305,2010,1453604.81
2305,2011,1467756.59
2305,2012,1472587.55
2305,2013,1470098.19
2305,2014,1475679.45
2305,2015,1482539.93
2305,2016,1485967.41
2305,2017,1482652.99
2305,2018,1475387.3
2305,2019,1470094.96
2305,2020,1464915.28
2305,2021,1457833.16
2305,2022,1444631.72
2305,2023,1424392.86
2305,2024,1408726.39
2306,2008,2499985.56
2306,2009,2489794.04
2306,2010,2487229.56
2306,2011,2478291.87
2306,2012,2465720.71
2306,2013,2455494.45
2306,2014,2446102.03
2306,2015,2435619.91
2306,2016,2430579.46
2306,2017,2434945.89
2306,2018,2421949.93
2306,2019,2402690.33
2306,2020,2389975.77
2306,2021,2372116.58
2306,2022,2344117.26
2306,2023,2318637.33
2306,2024,2258385.55
2401,2008,623575.97
2401,2009,628034.52
2401,2010,637593.59
2401,2011,644225.24
2401,2012,650304.21
2401,2013,653691.61
2401,2014,654776.53
2401,2015,653719.52
2401,2016,653271.8
2401,2017,652926.85
2401,2018,648898.07
2401,2019,646674.85
2401,2020,644033.64
2401,2021,638632.21
2401,2022,633689.01
2401,2023,625352.86
2401,2024,612480.0
2402,2008,548837.32
2402,2009,552458.91
2402,2010,561852.52
2402,2011,565804.95
2402,2012,575901.34
2402,2013,582271.69
2402,2014,585224.95
2402,2015,587177.29
2402,2016,589174.09
2402,2017,589793.07
2402,2018,587473.59
2402,2019,585650.16
2402,2020,582719.44
2402,2021,580149.44
2402,2022,578664.94
2402,2023,572756.6
2402,2024,567936.67
2403,2008,1404924.89
2403,2009,1410659.94
2403,2010,1424944.43
2403,2011,1421657.66
2403,2012,1408958.82
2403,2013,1394900.87
2403,2014,1380175.6
2403,2015,1364536.45
2403,2016,1351984.9
2403,2017,1338623.64
2403,2018,1337067.83
2403,2019,1331819.56
2403,2020,1323843.78
2403,2021,1313009.53
2403,2022,1304205.95
2403,2023,1294598.13
2403,2024,1285320.41
2501,2008,217121.64
2501,2009,218156.59
2501,2010,217664.93
2501,2011,214856.69
2501,2012,209420.98
2501,2013,206001.42
2501,2014,206883.86
2501,2015,208616.96
2501,2016,211148.93
2501,2017,214563.63
2501,2018,215889.7
2501,2019,215938.19
2501,2020,213501.5
2501,2021,210751.17
2501,2022,209949.17
2501,2023,210355.77
2501,2024,209498.52
2502,2008,1214510.47
2502,2009,1216042.1
2502,2010,1228938.61
2502,2011,1233773.24
2502,2012,1237305.27
2502,2013,1241822.94
2502,2014,1243515.72
2502,2015,1237890.18
2502,2016,1228401.79
2502,2017,1217354.81
2502,2018,1206273.06
2502,2019,1195271.77
2502,2020,1182951.31
2502,2021,1170980.87
2502,2022,1164582.41
2502,2023,1158116.67
2502,2024,1149383.98
2503,2008,1363073.27
2503,2009,1357001.77
2503,2010,1353149.27
2503,2011,1345520.22
2503,2012,1335522.71
2503,2013,1328026.14
2503,2014,1328102.82
2503,2015,1328548.75
2503,2016,1327493.23
2503,2017,1325767.04
2503,2018,1323198.17
2503,2019,1322577.48
2503,2020,1321110.33
2503,2021,1313709.5
2503,2022,1300030.73
2503,2023,1286392.14
2503,2024,1280271.25
2504,2008,400605.67
2504,2009,396969.44
2504,2010,393651.47
2504,2011,389958.41
2504,2012,386859.39
2504,2013,384999.6
2504,2014,382543.35
2504,2015,379671.42
2504,2016,377456.38
2504,2017,374995.8
2504,2018,369380.7
2504,2019,365192.51
2504,2020,360757.02
2504,2021,355362.58
2504,2022,347944.73
2504,2023,340449.66
2504,2024,332381.48
2601,2008,287176.9
2601,2009,287552.35
2601,2010,290561.16
2601,2011,293076.32
2601,2012,293238.8
2601,2013,294349.09
2601,2014,294473.09
2601,2015,293269.34
2601,2016,292830.77
2601,2017,290695.12
2601,2018,288048.08
2601,2019,286825.83
2601,2020,285247.96
2601,2021,283833.09
2601,2022,283520.18
2601,2023,283608.13
2601,2024,284634.32
2602,2008,1535715.23
2602,2009,1531388.44
2602,2010,1527551.25
2602,2011,1509039.88
2602,2012,1490628.65
2602,2013,1479793.98
2602,2014,1473946.48
2602,2015,1466666.78
2602,2016,1460591.34
2602,2017,1459741.66
2602,2018,1462098.33
2602,2019,1458013.53
2602,2020,1454702.77
2602,2021,1453455.69
2602,2022,1446162.03
2602,2023,1432271.12
2602,2024,1411609.72
2603,2008,1331340.92
2603,2009,1339711.17
2603,2010,1340680.78
2603,2011,1337969.09
2603,2012,1334865.78
2603,2013,1330838.14
2603,2014,1328796.97
2603,2015,1328558.76
2603,2016,1330985.03
2603,2017,1333282.26
2603,2018,1339351.92
2603,2019,1345618.12
2603,2020,1348250.9
2603,2021,1346436.56
2603,2022,1340010.61
2603,2023,1333826.33
2603,2024,1324088.09
2604,2008,2367337.58
2604,2009,2357286.77
2604,2010,2350813.91
2604,2011,2329734.01
2604,2012,2300619.69
2604,2013,2281271.98
2604,2014,2261931.6
2604,2015,2242267.47
2604,2016,2229435.29
2604,2017,2222321.18
2604,2018,2214135.42
2604,2019,2209431.64
2604,2020,2208401.62
2604,2021,2201120.35
2604,2022,2183934.84
2604,2023,2164711.0
2604,2024,2138760.42
2701,2008,220654.63
2701,2009,221475.13
2701,2010,222976.03
2701,2011,224284.44
2701,2012,224284.3
2701,2013,225116.98
2701,2014,226543.33
2701,2015,228380.76
2701,2016,229285.88
2701,2017,227774.81
2701,2018,228272.41
2701,2019,228712.55
2701,2020,229409.23
2701,2021,229946.18
2701,2022,230120.31
2701,2023,231723.13
2701,2024,233958.48
2702,2008,403765.3
2702,2009,403963.75
2702,2010,405602.24
2702,2011,406275.16
2702,2012,408733.44
2702,2013,409908.04
2702,2014,408524.8
2702,2015,409159.33
2702,2016,408769.07
2702,2017,407173.32
2702,2018,408234.86
2702,2019,407173.02
2702,2020,406102.59
2702,2021,403578.33
2702,2022,398284.18
2702,2023,389214.91
2702,2024,379845.44
2801,2008,234646.21
2801,2009,235871.61
2801,2010,237159.0
2801,2011,235419.5
2801,2012,233336.93
2801,2013,231518.48
2801,2014,232362.84
2801,2015,232228.58
2801,2016,231552.94
2801,2017,228242.67
2801,2018,226820.39
2801,2019,223530.7
2801,2020,219235.64
2801,2021,215055.4
2801,2022,209280.08
2801,2023,206524.92
2801,2024,209108.94
2802,2008,347528.95
2802,2009,341297.27
2802,2010,340725.59
2802,2011,341592.99
2802,2012,338731.9
2802,2013,333606.93
2802,2014,331062.55
2802,2015,329538.8
2802,2016,326655.28
2802,2017,325132.15
2802,2018,325294.79
2802,2019,324430.1
2802,2020,320662.66
2802,2021,312731.86
2802,2022,302127.02
2802,2023,295443.67
2802,2024,287908.41
2901,2008,551228.3
2901,2009,548055.47
2901,2010,544789.5
2901,2011,539312.77
2901,2012,535407.7
2901,2013,525873.46
2901,2014,529462.98
2901,2015,530519.47
2901,2016,529278.63
2901,2017,524202.15
2901,2018,520633.36
2901,2019,513854.45
2901,2020,508438.9
2901,2021,498926.63
2901,2022,489815.07
2901,2023,485956.86
2901,2024,488015.28
2902,2008,673993.12
2902,2009,672966.0
2902,2010,678441.34
2902,2011,681518.15
2902,2012,679400.66
2902,2013,674389.57
2902,2014,673315.03
2902,2015,668656.53
2902,2016,666433.62
2902,2017,657311.64
2902,2018,647951.87
2902,2019,640704.8
2902,2020,631776.86
2902,2021,623973.93
2902,2022,620988.67
2902,2023,617174.08
2902,2024,622311.66
2903,2008,1875204.92
2903,2009,1873107.36
2903,2010,1871855.93
2903,2011,1875896.26
2903,2012,1879567.23
2903,2013,1876475.32
2903,2014,1872504.73
2903,2015,1868054.47
2903,2016,1857172.71
2903,2017,1845764.72
2903,2018,1841384.02
2903,2019,1834492.08
2903,2020,1825509.5
2903,2021,1816975.99
2903,2022,1814072.08
2903,2023,1808006.58
2903,2024,1807858.06
2904,2008,3729985.13
2904,2009,3722354.35
2904,2010,3720332.0
2904,2011,3721596.81
2904,2012,3712376.41
2904,2013,3693887.15
2904,2014,3669505.85
2904,2015,3652263.35
2904,2016,3645471.35
2904,2017,3639222.91
2904,2018,3629972.09
2904,2019,3614241.06
2904,2020,3595326.39
2904,2021,3576975.11
2904,2022,3550663.85
2904,2023,3545433.58
2904,2024,3559402.87
2905,2008,2556234.76
2905,2009,2557178.86
2905,2010,2546705.4
2905,2011,2533849.31
2905,2012,2528593.65
2905,2013,2507519.34
2905,2014,2490173.25
2905,2015,2476404.33
2905,2016,2466309.26
2905,2017,2454231.28
2905,2018,2443859.91
2905,2019,2435053.7
2905,2020,2431385.68
2905,2021,2417411.98
2905,2022,2412794.31
2905,2023,2398827.36
2905,2024,2386223.69
2906,2008,8662285.55
2906,2009,8576867.5
2906,2010,8512578.45
2906,2011,8421560.86
2906,2012,8269979.29
2906,2013,8121374.83
2906,2014,8015660.2
2906,2015,7960665.5
2906,2016,7921918.41
2906,2017,7887669.79
2906,2018,7855404.47
2906,2019,7761176.29
2906,2020,7618781.21
2906,2021,7481032.58
2906,2022,7275615.35
2906,2023,7047748.14
2906,2024,6928773.42
2907,2008,4229456.11
2907,2009,4231652.67
2907,2010,4229192.37
2907,2011,4222926.91
2907,2012,4215101.64
2907,2013,4205629.4
2907,2014,4208457.55
2907,2015,4205098.16
2907,2016,4203019.7
2907,2017,4193068.74
2907,2018,4184669.04
2907,2019,4183862.82
2907,2020,4187572.16
2907,2021,4190296.4
2907,2022,4198008.54
2907,2023,4190782.8
2907,2024,4171737.97
2908,2008,4981832.14
2908,2009,4982875.39
2908,2010,4984666.88
2908,2011,4979319.27
2908,2012,4968516.62
2908,2013,4955489.66
2908,2014,4944741.94
2908,2015,4919098.61
2908,2016,4896722.85
2908,2017,4865399.09
2908,2018,4825530.13
2908,2019,4790550.79
2908,2020,4762151.1
2908,2021,4744230.85
2908,2022,4722324.91
2908,2023,4702831.19
2908,2024,4702379.54
2909,2008,2154321.13
2909,2009,2137526.19
2909,2010,2128848.93
2909,2011,2117940.9
2909,2012,2103150.26
2909,2013,2093943.56
2909,2014,2089473.58
2909,2015,2082735.37
2909,2016,2076653.82
2909,2017,2073794.77
2909,2018,2063679.91
2909,2019,2049007.09
2909,2020,2040265.45
2909,2021,2017289.16
2909,2022,1983416.05
2909,2023,1948918.79
2909,2024,1933053.94
2910,2008,3537632.39
2910,2009,3496439.28
2910,2010,3473215.76
2910,2011,3448079.06
2910,2012,3418922.92
2910,2013,3384988.52
2910,2014,3372899.1
2910,2015,3366109.94
2910,2016,3383020.7
2910,2017,3405459.47
2910,2018,3448747.6
2910,2019,3470900.38
2910,2020,3472229.01
2910,2021,3451422.92
2910,2022,3446694.02
2910,2023,3426292.11
2910,2024,3548274.66
3101,2008,1958928.83
3101,2009,1952903.33
3101,2010,1955047.19
3101,2011,1952894.38
3101,2012,1946845.78
3101,2013,1946114.03
3101,2014,1946619.98
3101,2015,1951908.23
3101,2016,1956290.04
3101,2017,1961644.32
3101,2018,1967108.63
3101,2019,1968927.06
3101,2020,1970870.14
3101,2021,1971363.98
3101,2022,1963277.41
3101,2023,1953877.66
3101,2024,1934378.79
3102,2008,8146087.93
3102,2009,8111660.28
3102,2010,8072024.45
3102,2011,8023004.03
3102,2012,7968469.69
3102,2013,7899296.0
3102,2014,7844612.58
3102,2015,7807800.89
3102,2016,7787144.26
3102,2017,7784952.06
3102,2018,7795240.83
3102,2019,7799361.03
3102,2020,7786284.29
3102,2021,7762226.09
3102,2022,7732665.31
3102,2023,7682873.84
3102,2024,7627401.49
3103,2008,4263952.04
3103,2009,4246441.0
3103,2010,4234032.87
3103,2011,4234335.55
3103,2012,4220616.77
3103,2013,4205134.55
3103,2014,4177938.6
3103,2015,4161706.54
3103,2016,4147663.64
3103,2017,4137749.2
3103,2018,4130324.84
3103,2019,4101416.44
3103,2020,4070877.22
3103,2021,4049405.24
3103,2022,4024666.27
3103,2023,3999499.14
3103,2024,3999967.4
3104,2008,737999.49
3104,2009,749295.66
3104,2010,752508.67
3104,2011,751342.44
3104,2012,755253.26
3104,2013,757545.31
3104,2014,759016.87
3104,2015,759366.36
3104,2016,759292.94
3104,2017,762425.62
3104,2018,765879.71
3104,2019,762664.14
3104,2020,766135.87
3104,2021,762912.9
3104,2022,757086.09
3104,2023,753744.47
3104,2024,749856.08
3105,2008,420874.99
3105,2009,426625.73
3105,2010,428687.93
3105,2011,427155.77
3105,2012,429551.09
3105,2013,431207.13
3105,2014,428242.99
3105,2015,423987.54
3105,2016,423684.7
3105,2017,426864.77
3105,2018,426743.72
3105,2019,427084.15
3105,2020,426706.3
3105,2021,423124.38
3105,2022,417972.02
3105,2023,416281.79
3105,2024,414538.39
3106,2008,927138.79
3106,2009,940102.81
3106,2010,945548.9
3106,2011,947196.37
3106,2012,955832.54
3106,2013,962460.07
3106,2014,966990.63
3106,2015,975588.24
3106,2016,974791.56
3106,2017,974834.83
3106,2018,974903.3
3106,2019,978482.12
3106,2020,978049.73
3106,2021,978488.72
3106,2022,977743.82
3106,2023,979883.72
3106,2024,986576.75
3107,2008,482287.89
3107,2009,480044.28
3107,2010,479103.85
3107,2011,477598.77
3107,2012,475656.16
3107,2013,479036.85
3107,2014,478994.77
3107,2015,478226.56
3107,2016,472834.98
3107,2017,468121.31
3107,2018,461704.5
3107,2019,456713.21
3107,2020,449955.51
3107,2021,446491.64
3107,2022,440250.36
3107,2023,437730.16
3107,2024,437202.67
3108,2008,810862.35
3108,2009,811376.49
3108,2010,810039.4
3108,2011,810404.61
3108,2012,810716.94
3108,2013,811823.94
3108,2014,814207.57
3108,2015,815314.74
3108,2016,813770.2
3108,2017,814412.28
3108,2018,815311.18
3108,2019,813014.45
3108,2020,811025.63
3108,2021,808945.12
3108,2022,803849.03
3108,2023,802794.07
3108,2024,800560.87
3109,2008,516985.9
3109,2009,517560.54
3109,2010,515443.4
3109,2011,512144.76
3109,2012,513680.13
3109,2013,514495.77
3109,2014,517832.16
3109,2015,517567.72
3109,2016,519538.42
3109,2017,522627.96
3109,2018,523431.78
3109,2019,522833.76
3109,2020,521334.78
3109,2021,520052.04
3109,2022,521123.89
3109,2023,522001.14
3109,2024,523689.66
3110,2008,736309.38
3110,2009,735722.41
3110,2010,737012.16
3110,2011,738534.74
3110,2012,740375.47
3110,2013,741743.38
3110,2014,743506.26
3110,2015,745211.27
3110,2016,745750.81
3110,2017,748110.89
3110,2018,750251.53
3110,2019,751589.24
3110,2020,752205.88
3110,2021,750395.04
3110,2022,747205.61
3110,2023,743401.84
3110,2024,738171.17
3111,2008,666923.11
3111,2009,670614.87
3111,2010,674578.19
3111,2011,678700.38
3111,2012,681162.27
3111,2013,683481.33
3111,2014,686309.91
3111,2015,688929.67
3111,2016,692124.32
3111,2017,696686.12
3111,2018,700687.14
3111,2019,702793.86
3111,2020,706257.81
3111,2021,704718.04
3111,2022,702110.43
3111,2023,697178.51
3111,2024,690560.59
3112,2008,3948602.76
3112,2009,3944207.25
3112,2010,3935128.84
3112,2011,3919640.49
3112,2012,3890042.62
3112,2013,3868918.83
3112,2014,3860478.91
3112,2015,3866286.49
3112,2016,3859655.74
3112,2017,3846891.13
3112,2018,3837126.74
3112,2019,3828006.84
3112,2020,3820270.84
3112,2021,3807124.35
3112,2022,3776365.83
3112,2023,3731823.72
3112,2024,3681540.85
3113,2008,887614.72
3113,2009,887557.17
3113,2010,889915.94
3113,2011,891723.1
3113,2012,890262.17
3113,2013,889940.84
3113,2014,889763.96
3113,2015,888263.69
3113,2016,887118.16
3113,2017,884630.86
3113,2018,884478.0
3113,2019,885469.01
3113,2020,885343.2
3113,2021,883038.08
3113,2022,879487.89
3113,2023,875310.68
3113,2024,865853.54
3201,2008,383255.29
3201,2009,385577.23
3201,2010,385072.46
3201,2011,384391.23
3201,2012,385950.95
3201,2013,385859.8
3201,2014,383956.38
3201,2015,384425.86
3201,2016,383008.69
3201,2017,379556.0
3201,2018,377386.8
3201,2019,375729.41
3201,2020,375513.41
3201,2021,375797.17
3201,2022,373394.14
3201,2023,374250.97
3201,2024,373477.44
3202,2008,371219.78
3202,2009,367982.97
3202,2010,363747.47
3202,2011,359985.94
3202,2012,356579.39
3202,2013,355166.52
3202,2014,350307.79
3202,2015,342421.26
3202,2016,337582.63
3202,2017,336386.41
3202,2018,339067.47
3202,2019,340498.48
3202,2020,341977.68
3202,2021,345618.75
3202,2022,346615.93
3202,2023,345569.15
3202,2024,345969.94
3203,2008,225180.68
3203,2009,225344.53
3203,2010,226305.66
3203,2011,227796.71
3203,2012,226529.24
3203,2013,224223.72
3203,2014,222569.03
3203,2015,220873.71
3203,2016,219532.06
3203,2017,221677.69
3203,2018,222740.7
3203,2019,222821.92
3203,2020,223838.75
3203,2021,224088.96
3203,2022,226735.01
3203,2023,226386.44
3203,2024,228056.85
3204,2008,236277.69
3204,2009,235636.01
3204,2010,236060.63
3204,2011,236612.58
3204,2012,238412.41
3204,2013,237969.34
3204,2014,237381.54
3204,2015,238101.42
3204,2016,237156.77
3204,2017,235824.03
3204,2018,235375.99
3204,2019,234328.7
3204,2020,235152.14
3204,2021,235903.84
3204,2022,234496.82
3204,2023,234980.53
3204,2024,235106.89
3301,2008,477927.0
3301,2009,477679.18
3301,2010,478394.37
3301,2011,479523.35
3301,2012,481341.44
3301,2013,482908.72
3301,2014,482810.41
3301,2015,482358.63
3301,2016,482733.68
3301,2017,483611.77
3301,2018,485472.13
3301,2019,486895.43
3301,2020,487438.55
3301,2021,487564.12
3301,2022,488814.59
3301,2023,488781.02
3301,2024,487601.48
3302,2008,245945.88
3302,2009,245913.58
3302,2010,246005.94
3302,2011,245299.12
3302,2012,247255.27
3302,2013,249545.98
3302,2014,250429.8
3302,2015,251578.66
3302,2016,252439.07
3302,2017,252204.96
3302,2018,251903.31
3302,2019,252269.02
3302,2020,251937.32
3302,2021,253366.24
3302,2022,255882.89
3302,2023,257150.08
3302,2024,257019.65
3303,2008,341181.71
3303,2009,343916.78
3303,2010,346016.42
3303,2011,345451.74
3303,2012,347903.02
3303,2013,348951.73
3303,2014,349507.55
3303,2015,351732.14
3303,2016,352792.45
3303,2017,351817.74
3303,2018,351728.57
3303,2019,350521.76
3303,2020,350367.74
3303,2021,352656.07
3303,2022,353232.26
3303,2023,356059.97
3303,2024,358391.55
3304,2008,215945.72
3304,2009,214460.94
3304,2010,213508.78
3304,2011,212463.87
3304,2012,212663.82
3304,2013,212256.08
3304,2014,212000.8
3304,2015,214532.52
3304,2016,215777.66
3304,2017,217491.3
3304,2018,220652.04
3304,2019,221325.53
3304,2020,223735.24
3304,2021,226329.52
3304,2022,224347.11
3304,2023,224141.78
3304,2024,224006.65
3305,2008,132648.92
3305,2009,132829.59
3305,2010,133029.29
3305,2011,133562.33
3305,2012,134209.92
3305,2013,134113.61
3305,2014,133589.09
3305,2015,132991.89
3305,2016,133832.55
3305,2017,134201.65
3305,2018,136000.03
3305,2019,136818.89
3305,2020,136107.93
3305,2021,135737.38
3305,2022,134975.51
3305,2023,134569.27
3305,2024,134765.26
3501,2008,641898.18
3501,2009,641958.28
3501,2010,645255.47
3501,2011,645572.17
3501,2012,645695.62
3501,2013,646335.35
3501,2014,645827.72
3501,2015,645017.97
3501,2016,644917.1
3501,2017,644909.5
3501,2018,645198.64
3501,2019,644633.16
3501,2020,643667.06
3501,2021,642178.05
3501,2022,642208.3
3501,2023,639669.66
3501,2024,639413.62
3502,2008,1849931.46
3502,2009,1850238.5
3502,2010,1851103.05
3502,2011,1854415.13
3502,2012,1860033.03
3502,2013,1866984.98
3502,2014,1869716.72
3502,2015,1875731.58
3502,2016,1879557.82
3502,2017,1885374.81
3502,2018,1888152.55
3502,2019,1888562.32
3502,2020,1891130.57
3502,2021,1892790.36
3502,2022,1892843.09
3502,2023,1895716.94
3502,2024,1894876.43
3503,2008,315176.07
3503,2009,316000.06
3503,2010,316471.43
3503,2011,317559.28
3503,2012,318269.5
3503,2013,317366.53
3503,2014,316333.21
3503,2015,316070.08
3503,2016,317009.69
3503,2017,318799.3
3503,2018,319987.86
3503,2019,320289.64
3503,2020,319565.97
3503,2021,320430.2
3503,2022,320880.09
3503,2023,320578.42
3503,2024,319667.68
3504,2008,209181.47
3504,2009,210824.23
3504,2010,212269.29
3504,2011,212820.96
3504,2012,213866.57
3504,2013,213768.02
3504,2014,214529.66
3504,2015,214499.2
3504,2016,214989.97
3504,2017,215791.72
3504,2018,216879.02
3504,2019,217866.2
3504,2020,217655.3
3504,2021,219059.08
3504,2022,221943.4
3504,2023,222516.28
3504,2024,224030.59
3505,2008,201490.7
3505,2009,200833.0
3505,2010,202194.66
3505,2011,205106.33
3505,2012,207338.29
3505,2013,210712.94
3505,2014,214691.8
3505,2015,216677.44
3505,2016,218186.73
3505,2017,219753.19
3505,2018,221372.99
3505,2019,221560.4
3505,2020,222357.11
3505,2021,222902.72
3505,2022,227887.4
3505,2023,230986.57
3505,2024,231632.36
3506,2008,130635.18
3506,2009,131834.9
3506,2010,132772.54
3506,2011,135241.22
3506,2012,136890.09
3506,2013,137593.73
3506,2014,138314.63
3506,2015,138716.82
3506,2016,139728.18
3506,2017,140320.21
3506,2018,141574.64
3506,2019,140599.68
3506,2020,138261.82
3506,2021,136928.4
3506,2022,139645.99
3506,2023,140067.92
3506,2024,140284.75
3507,2008,212785.58
3507,2009,214829.21
3507,2010,217219.14
3507,2011,219529.8
3507,2012,220423.64
3507,2013,220929.52
3507,2014,222202.53
3507,2015,222593.13
3507,2016,222001.69
3507,2017,223809.19
3507,2018,226329.49
3507,2019,225219.37
3507,2020,227371.61
3507,2021,227611.22
3507,2022,230861.64
3507,2023,234330.75
3507,2024,238656.17
3508,2008,363465.27
3508,2009,363453.02
3508,2010,364238.49
3508,2011,363962.92
3508,2012,363112.45
3508,2013,361602.49
3508,2014,360715.28
3508,2015,359872.93
3508,2016,360493.89
3508,2017,361194.62
3508,2018,361489.45
3508,2019,363527.79
3508,2020,363584.86
3508,2021,367088.72
3508,2022,367176.13
3508,2023,367465.62
3508,2024,368615.55
3509,2008,187409.79
3509,2009,187042.87
3509,2010,187149.27
3509,2011,186618.96
3509,2012,186089.24
3509,2013,184972.62
3509,2014,184223.05
3509,2015,184653.15
3509,2016,184562.06
3509,2017,185305.67
3509,2018,185509.3
3509,2019,186321.4
3509,2020,186137.65
3509,2021,187062.96
3509,2022,186054.53
3509,2023,186263.16
3509,2024,185114.34
3510,2008,386464.28
3510,2009,388525.61
3510,2010,389858.36
3510,2011,389935.0
3510,2012,391767.81
3510,2013,392841.38
3510,2014,394770.96
3510,2015,396886.26
3510,2016,400534.44
3510,2017,401918.0
3510,2018,404213.27
3510,2019,403443.38
3510,2020,404018.72
3510,2021,403030.98
3510,2022,405430.56
3510,2023,407976.46
3510,2024,408986.69
3511,2008,633786.55
3511,2009,634659.05
3511,2010,635668.04
3511,2011,638417.91
3511,2012,640024.35
3511,2013,641709.39
3511,2014,645062.61
3511,2015,647031.64
3511,2016,649059.96
3511,2017,650275.34
3511,2018,654054.62
3511,2019,655458.3
3511,2020,657374.27
3511,2021,660191.17
3511,2022,659731.62
3511,2023,659948.13
3511,2024,658933.58
4101,2008,1743837.2
4101,2009,1741774.63
4101,2010,1739860.35
4101,2011,1738386.71
4101,2012,1738076.22
4101,2013,1734115.52
4101,2014,1729375.99
4101,2015,1728247.1
4101,2016,1726620.7
4101,2017,1722355.07
4101,2018,1716184.52
4101,2019,1707684.77
4101,2020,1700344.6
4101,2021,1694798.78
4101,2022,1686938.27
4101,2023,1684346.41
4101,2024,1683017.53
4102,2008,697515.31
4102,2009,696886.41
4102,2010,696922.14
4102,2011,695841.99
4102,2012,695859.88
4102,2013,693519.04
4102,2014,691814.81
4102,2015,690035.93
4102,2016,688087.81
4102,2017,688412.65
4102,2018,685776.79
4102,2019,681389.89
4102,2020,677900.81
4102,2021,674313.75
4102,2022,673168.48
4102,2023,673586.32
4102,2024,673782.89
4103,2008,1064846.65
4103,2009,1072904.67
4103,2010,1077730.05
4103,2011,1082102.9
4103,2012,1088236.95
4103,2013,1092875.61
4103,2014,1097000.84
4103,2015,1103384.63
4103,2016,1105788.88
4103,2017,1108611.2
4103,2018,1111619.49
4103,2019,1108871.5
4103,2020,1110007.76
4103,2021,1105048.82
4103,2022,1107015.43
4103,2023,1113679.17
4103,2024,1115217.57
4104,2008,423906.59
4104,2009,429408.77
4104,2010,436256.6
4104,2011,441482.89
4104,2012,444407.58
4104,2013,454225.17
4104,2014,462463.17
4104,2015,466898.21
4104,2016,477896.58
4104,2017,485672.99
4104,2018,488865.29
4104,2019,494256.88
4104,2020,498456.5
4104,2021,499895.62
4104,2022,503919.17
4104,2023,505481.94
4104,2024,507593.23
4105,2008,420644.23
4105,2009,424439.17
4105,2010,427196.68
4105,2011,431132.45
4105,2012,435086.58
4105,2013,440107.15
4105,2014,445014.59
4105,2015,450521.75
4105,2016,454490.41
4105,2017,460554.3
4105,2018,466661.16
4105,2019,471417.82
4105,2020,475238.93
4105,2021,477645.91
4105,2022,481611.93
4105,2023,484719.5
4105,2024,487075.49
4106,2008,1030511.14
4106,2009,1031510.07
4106,2010,1029436.23
4106,2011,1028648.07
4106,2012,1026516.06
4106,2013,1023337.93
4106,2014,1022646.12
4106,2015,1020788.7
4106,2016,1017367.32
4106,2017,1015091.32
4106,2018,1012851.91
4106,2019,1005316.21
4106,2020,1000306.91
4106,2021,993362.8
4106,2022,992391.68
4106,2023,990985.46
4106,2024,989528.04
4201,2008,353188.63
4201,2009,351742.36
4201,2010,349028.95
4201,2011,348220.24
4201,2012,346368.98
4201,2013,345146.87
4201,2014,343537.9
4201,2015,342684.78
4201,2016,341433.87
4201,2017,341686.35
4201,2018,341109.14
4201,2019,339349.59
4201,2020,338659.65
4201,2021,339271.62
4201,2022,338212.74
4201,2023,337765.28
4201,2024,337807.23
4202,2008,342244.96
4202,2009,341724.39
4202,2010,342903.41
4202,2011,341762.38
4202,2012,341094.12
4202,2013,342686.72
4202,2014,342740.94
4202,2015,342580.51
4202,2016,340524.56
4202,2017,341093.13
4202,2018,340423.41
4202,2019,338664.72
4202,2020,337156.71
4202,2021,336651.76
4202,2022,333828.5
4202,2023,332397.36
4202,2024,331127.09
4203,2008,1265945.76
4203,2009,1252155.72
4203,2010,1237847.54
4203,2011,1229405.77
4203,2012,1223359.27
4203,2013,1218252.37
4203,2014,1213818.04
4203,2015,1205860.51
4203,2016,1199372.45
4203,2017,1192040.62
4203,2018,1186151.08
4203,2019,1175704.26
4203,2020,1168271.28
4203,2021,1163630.03
4203,2022,1154929.03
4203,2023,1150584.04
4203,2024,1148706.36
4204,2008,740707.76
4204,2009,740707.3
4204,2010,741777.34
4204,2011,740632.9
4204,2012,741036.58
4204,2013,741632.37
4204,2014,742782.97
4204,2015,741688.09
4204,2016,738818.6
4204,2017,735130.6
4204,2018,733213.23
4204,2019,728488.75
4204,2020,727788.01
4204,2021,722707.38
4204,2022,723491.63
4204,2023,722998.08
4204,2024,724363.92
4205,2008,228943.63
4205,2009,228215.13
4205,2010,227305.21
4205,2011,227363.74
4205,2012,227989.98
4205,2013,228009.95
4205,2014,227310.67
4205,2015,227115.01
4205,2016,226793.87
4205,2017,225804.97
4205,2018,225676.18
4205,2019,224452.59
4205,2020,224292.66
4205,2021,223122.34
4205,2022,222656.68
4205,2023,223419.44
4205,2024,223921.66
4206,2008,760043.99
4206,2009,757281.03
4206,2010,756424.49
4206,2011,756581.98
4206,2012,754917.6
4206,2013,751961.11
4206,2014,746439.79
4206,2015,745379.47
4206,2016,742759.28
4206,2017,739008.88
4206,2018,735018.56
4206,2019,730835.32
4206,2020,727368.47
4206,2021,722498.67
4206,2022,717772.31
4206,2023,715570.77
4206,2024,714541.13
4207,2008,859333.1
4207,2009,858804.94
4207,2010,857258.43
4207,2011,856776.35
4207,2012,856558.48
4207,2013,856455.4
4207,2014,852979.29
4207,2015,853055.13
4207,2016,850914.37
4207,2017,848329.74
4207,2018,846261.88
4207,2019,843850.02
4207,2020,841709.96
4207,2021,838563.54
4207,2022,837017.65
4207,2023,835650.95
4207,2024,834376.59
4301,2008,1569917.2
4301,2009,1567688.51
4301,2010,1555787.17
4301,2011,1541380.79
4301,2012,1532212.5
4301,2013,1524392.73
4301,2014,1526889.65
4301,2015,1533785.91
4301,2016,1520275.67
4301,2017,1507154.49
4301,2018,1496932.61
4301,2019,1473830.39
4301,2020,1448018.24
4301,2021,1419097.12
4301,2022,1407047.77
4301,2023,1391726.46
4301,2024,1360525.9
4302,2008,2935603.01
4302,2009,2925411.17
4302,2010,2870708.84
4302,2011,2829464.49
4302,2012,2774693.3
4302,2013,2718024.18
4302,2014,2692330.78
4302,2015,2676204.75
4302,2016,2691693.58
4302,2017,2659594.63
4302,2018,2636533.63
4302,2019,2570278.17
4302,2020,2539935.66
4302,2021,2464834.23
4302,2022,2411308.37
4302,2023,2372568.13
4302,2024,2323158.43
4303,2008,2828507.0
4303,2009,2810240.7
4303,2010,2781933.31
4303,2011,2738952.15
4303,2012,2696974.7
4303,2013,2655559.4
4303,2014,2614921.69
4303,2015,2597391.13
4303,2016,2565161.01
4303,2017,2528810.02
4303,2018,2485518.91
4303,2019,2414898.96
4303,2020,2365226.66
4303,2021,2294257.03
4303,2022,2255899.65
4303,2023,2243135.01
4303,2024,2195659.58
4304,2008,2630610.02
4304,2009,2612147.34
4304,2010,2602993.2
4304,2011,2583237.81
4304,2012,2564410.08
4304,2013,2540118.23
4304,2014,2545141.39
4304,2015,2553887.68
4304,2016,2545211.77
4304,2017,2514400.2
4304,2018,2496619.11
4304,2019,2461989.96
4304,2020,2437749.54
4304,2021,2375941.43
4304,2022,2359529.14
4304,2023,2344624.3
4304,2024,2275955.75
4305,2008,867326.73
4305,2009,862230.1
4305,2010,853065.47
4305,2011,847383.29
4305,2012,841088.54
4305,2013,849467.68
4305,2014,849619.49
4305,2015,849530.29
4305,2016,843130.96
4305,2017,835771.23
4305,2018,829190.59
4305,2019,816517.12
4305,2020,803389.09
4305,2021,789628.83
4305,2022,775396.57
4305,2023,769323.5
4305,2024,763471.58
4306,2008,1100734.66
4306,2009,1095696.13
4306,2010,1090885.26
4306,2011,1080127.04
4306,2012,1075089.49
4306,2013,1068033.86
4306,2014,1062276.4
4306,2015,1054541.58
4306,2016,1044682.25
4306,2017,1036343.04
4306,2018,1027049.42
4306,2019,1012464.13
4306,2020,1008119.9
4306,2021,994541.06
4306,2022,988801.7
4306,2023,984128.66
4306,2024,982558.86
4307,2008,1712021.38
4307,2009,1694771.6
4307,2010,1670673.88
4307,2011,1660853.12
4307,2012,1650042.37
4307,2013,1629264.78
4307,2014,1615895.19
4307,2015,1596633.31
4307,2016,1584813.75
4307,2017,1574045.16
4307,2018,1563805.41
4307,2019,1553508.87
4307,2020,1547329.57
4307,2021,1537976.87
4307,2022,1527832.7
4307,2023,1519629.83
4307,2024,1513894.9
4308,2008,875926.22
4308,2009,871000.04
4308,2010,861219.54
4308,2011,854007.93
4308,2012,845257.71
4308,2013,842273.37
4308,2014,833801.0
4308,2015,831581.88
4308,2016,824921.53
4308,2017,820527.39
4308,2018,812939.11
4308,2019,798920.81
4308,2020,786122.39
4308,2021,762906.77
4308,2022,755061.77
4308,2023,747229.72
4308,2024,733830.66
5001,2008,4022017.38
5001,2009,4023639.42
5001,2010,4011980.85
5001,2011,4005570.88
5001,2012,4002303.67
5001,2013,3996135.13
5001,2014,3995087.25
5001,2015,3993602.04
5001,2016,3997205.42
5001,2017,4002739.57
5001,2018,3991816.91
5001,2019,3983783.8
5001,2020,3957787.02
5001,2021,3913553.45
5001,2022,3890813.48
5001,2023,3844260.37
5001,2024,3805918.94
5002,2008,1179572.19
5002,2009,1180594.84
5002,2010,1186158.88
5002,2011,1191550.59
5002,2012,1193853.15
5002,2013,1198173.76
5002,2014,1199405.08
5002,2015,1198925.92
5002,2016,1188474.54
5002,2017,1192321.96
5002,2018,1192767.61
5002,2019,1190373.51
5002,2020,1187938.61
5002,2021,1180267.75
5002,2022,1180442.86
5002,2023,1175650.47
5002,2024,1172605.94
5003,2008,9152296.06
5003,2009,9522340.42
5003,2010,9413330.75
5003,2011,8978477.72
5003,2012,9513024.47
5003,2013,9417445.6
5003,2014,8911258.38
5003,2015,9329962.86
5003,2016,9228381.32
5003,2017,9321115.7
5003,2018,8896663.44
5003,2019,9334317.5
5003,2020,9432818.12
5003,2021,9443970.39
5003,2022,9355130.85
5003,2023,9218756.78
5003,2024,9279045.95
5101,2008,10517929.18
5101,2009,10525739.43
5101,2010,10511586.92
5101,2011,10435291.03
5101,2012,10465149.93
5101,2013,10358730.96
5101,2014,10269764.58
5101,2015,10249226.41
5101,2016,10235786.78
5101,2017,10203176.65
5101,2018,10177275.42
5101,2019,10221831.66
5101,2020,10274565.1
5101,2021,10266912.97
5101,2022,10158720.38
5101,2023,10087402.53
5101,2024,10044439.02
5102,2008,6418398.6
5102,2009,6478969.4
5102,2010,6447000.64
5102,2011,6388310.12
5102,2012,6518437.02
5102,2013,6512503.01
5102,2014,6350713.58
5102,2015,6423302.68
5102,2016,6401160.4
5102,2017,6341288.03
5102,2018,6250472.47
5102,2019,6285009.88
5102,2020,6341967.24
5102,2021,6363143.4
5102,2022,6254492.41
5102,2023,6131852.15
5102,2024,6165659.11
5103,2008,23929664.79
5103,2009,23871380.61
5103,2010,23836113.98
5103,2011,23745361.61
5103,2012,23686037.21
5103,2013,23575092.06
5103,2014,23471758.49
5103,2015,23352932.45
5103,2016,23279605.67
5103,2017,23190340.98
5103,2018,23083592.68
5103,2019,22879647.71
5103,2020,22715134.69
5103,2021,22541072.71
5103,2022,22310189.28
5103,2023,22092144.91
5103,2024,21993502.4
5104,2008,13064259.32
5104,2009,13030396.45
5104,2010,13017221.62
5104,2011,12979628.38
5104,2012,12940746.26
5104,2013,12892392.23
5104,2014,12829695.69
5104,2015,12761188.36
5104,2016,12717584.61
5104,2017,12674277.14
5104,2018,12650169.49
5104,2019,12617801.61
5104,2020,12582624.47
5104,2021,12521652.42
5104,2022,12426252.28
5104,2023,12311875.05
5104,2024,12282845.28
5105,2008,3957837.77
5105,2009,3949711.13
5105,2010,3949571.41
5105,2011,3946676.83
5105,2012,3934660.19
5105,2013,3918351.75
5105,2014,3900996.59
5105,2015,3884030.51
5105,2016,3872345.25
5105,2017,3865947.38
5105,2018,3853485.85
5105,2019,3842096.04
5105,2020,3832080.82
5105,2021,3823094.01
5105,2022,3807925.53
5105,2023,3801076.47
5105,2024,3781138.74
5201,2008,2371540.97
5201,2009,2368284.63
5201,2010,2355800.68
5201,2011,2347829.79
5201,2012,2334711.42
5201,2013,2319786.21
5201,2014,2306081.97
5201,2015,2296769.92
5201,2016,2296258.31
5201,2017,2293769.42
5201,2018,2294368.1
5201,2019,2288944.36
5201,2020,2281372.79
5201,2021,2269640.72
5201,2022,2259953.59
5201,2023,2245927.93
5201,2024,2228346.75
5202,2008,443730.32
5202,2009,443664.6
5202,2010,442790.8
5202,2011,442538.13
5202,2012,441976.3
5202,2013,442244.81
5202,2014,441809.62
5202,2015,441610.6
5202,2016,441603.77
5202,2017,441621.91
5202,2018,441537.43
5202,2019,440788.28
5202,2020,439960.67
5202,2021,439449.66
5202,2022,438261.77
5202,2023,437199.19
5202,2024,435866.54
5203,2008,1952725.26
5203,2009,1950328.69
5203,2010,1947053.45
5203,2011,1947808.38
5203,2012,1949639.44
5203,2013,1950467.79
5203,2014,1948285.9
5203,2015,1944821.77
5203,2016,1939553.98
5203,2017,1934083.79
5203,2018,1931895.35
5203,2019,1932468.1
5203,2020,1934054.7
5203,2021,1931452.09
5203,2022,1928613.16
5203,2023,1921580.23
5203,2024,1910961.25
5204,2008,918157.17
5204,2009,919242.91
5204,2010,917093.36
5204,2011,921094.89
5204,2012,921622.49
5204,2013,922857.83
5204,2014,919981.86
5204,2015,918756.59
5204,2016,915537.18
5204,2017,913776.76
5204,2018,915773.87
5204,2019,917663.61
5204,2020,915699.3
5204,2021,911327.71
5204,2022,907332.28
5204,2023,901815.35
5204,2024,887381.85
5205,2008,3097546.54
5205,2009,3094002.67
5205,2010,3073206.77
5205,2011,3059108.51
5205,2012,3026770.09
5205,2013,2991445.45
5205,2014,2962579.54
5205,2015,2946404.9
5205,2016,2939808.63
5205,2017,2932570.66
5205,2018,2939034.55
5205,2019,2929534.24
5205,2020,2913148.79
5205,2021,2894525.04
5205,2022,2860529.55
5205,2023,2813635.94
5205,2024,2772186.08
5206,2008,4050214.5
5206,2009,4034573.01
5206,2010,4022025.11
5206,2011,4011429.52
5206,2012,3986693.52
5206,2013,3948089.9
5206,2014,3920076.15
5206,2015,3896585.25
5206,2016,3879473.48
5206,2017,3870435.1
5206,2018,3857945.15
5206,2019,3838019.03
5206,2020,3825613.89
5206,2021,3808298.81
5206,2022,3794878.02
5206,2023,3775574.82
5206,2024,3759652.0
5301,2008,282270.42
5301,2009,283960.13
5301,2010,285620.07
5301,2011,288078.89
5301,2012,289464.21
5301,2013,288862.35
5301,2014,287459.22
5301,2015,286102.06
5301,2016,284288.33
5301,2017,283292.19
5301,2018,282284.89
5301,2019,280884.62
5301,2020,279959.02
5301,2021,278899.69
5301,2022,278497.74
5301,2023,277490.33
5301,2024,276143.02
