rgint_id,nome,uf,bioma,pressao_ha,regeneracao_ha,balanco_ha,area_agro_2024,ranking_pressao,soja_2024_ha
5103,Sinop,MT,Cerrado,1878724.98,0.0,-1878724.98,4937534.37,1,4097941.56
2906,Barreiras,BA,Cerrado,1637111.34,0.0,-1637111.34,3700288.7,2,1768174.11
1101,Porto Velho,RO,Amazônia,1625686.83,0.0,-1625686.83,92719.84,3,75106.71
2105,Imperatriz,MA,Cerrado,1590332.67,0.0,-1590332.67,1844657.94,4,868030.02
1303,Lábrea,AM,Amazônia,1415691.81,0.0,-1415691.81,5168.58,5,34.74
1505,Santarém,PA,Amazônia,1389119.49,0.0,-1389119.49,193290.55,6,113448.78
1503,Marabá,PA,Amazônia,1353184.29,0.0,-1353184.29,122829.7,7,61313.4
1506,Altamira,PA,Amazônia,1274192.28,0.0,-1274192.28,34989.36,8,12501.81
1504,Redenção,PA,Amazônia,1058768.28,0.0,-1058768.28,267778.24,9,160010.73
1701,Palmas,TO,Cerrado,831587.13,0.0,-831587.13,1043886.14,10,544802.94
1703,Gurupi,TO,Cerrado,748048.59,0.0,-748048.59,554824.72,11,260049.42
2206,Floriano,PI,Cerrado,735953.49,0.0,-735953.49,1171603.18,12,581778.27
5104,Barra do Garças,MT,Cerrado,704326.14,0.0,-704326.14,3014369.6,13,2238048.36
1201,Rio Branco,AC,Amazônia,606018.33,0.0,-606018.33,32331.29,14,0.0
2205,Corrente - Bom Jesus,PI,Cerrado,603936.0,0.0,-603936.0,754274.51,15,363323.25
2102,Santa Inês - Bacabal,MA,Cerrado,564691.77,2757.42,-561934.35,132316.77,16,19931.76
1702,Araguaína,TO,Cerrado,556132.5,0.0,-556132.5,622619.28,17,252307.8
2101,São Luís,MA,Cerrado,555846.39,0.0,-555846.39,226993.07,18,90024.03
3102,Montes Claros,MG,Cerrado,555184.35,11219.58,-543964.77,898573.5,19,51269.13
2104,Presidente Dutra,MA,Cerrado,549100.17,0.0,-549100.17,321137.39,20,78415.38
5101,Cuiabá,MT,Cerrado,521387.01,5634.36,-515752.65,3197718.31,21,2470318.47
1502,Castanhal,PA,Amazônia,494071.47,25146.54,-468924.93,418061.43,22,287016.21
1102,Ji-Paraná,RO,Amazônia,483271.11,53.82,-483217.29,309001.09,23,255132.0
2103,Caxias,MA,Cerrado,417830.04,0.0,-417830.04,303878.7,24,21936.96
2908,Juazeiro,BA,Cerrado,363119.67,4227.66,-358892.01,1386708.0,25,0.0
5205,Porangatu - Uruaçu,GO,Cerrado,323159.67,9254.88,-313904.79,800476.44,26,238176.81
1202,Cruzeiro do Sul,AC,Amazônia,322565.94,0.0,-322565.94,6152.3,27,0.0
1501,Belém,PA,Amazônia,301611.42,3712.86,-297898.56,46543.16,28,18734.49
2201,Teresina,PI,Cerrado,301595.22,0.0,-301595.22,233200.86,29,4768.74
2910,Feira de Santana,BA,Cerrado,295736.67,103807.62,-191929.05,692791.87,30,0.0
5206,Luziânia - Águas Lindas de Goiás,GO,Cerrado,276077.34,0.0,-276077.34,1262204.21,31,681109.83
3103,Teófilo Otoni,MG,Cerrado,274365.18,0.0,-274365.18,735087.3,32,47.97
5003,Corumbá,MS,Cerrado,259872.21,33502.77,-226369.44,582264.47,33,172589.94
2909,Paulo Afonso,BA,Cerrado,256730.85,0.0,-256730.85,813971.87,34,0.0
5102,Cáceres,MT,Cerrado,256521.15,5766.48,-250754.67,615693.58,35,417655.8
2306,Sobral,CE,Caatinga,252748.62,633.06,-252115.56,313947.8,36,32.49
2604,Petrolina,PE,Caatinga,249905.43,0.0,-249905.43,595330.19,37,0.0
1402,Rorainópolis - Caracaraí,RR,Amazônia,234142.38,2198.97,-231943.41,3361.16,38,716.4
3112,Patos de Minas,MG,Cerrado,230177.16,12473.73,-217703.43,2303225.18,39,926506.44
2301,Fortaleza,CE,Caatinga,227932.65,69399.9,-158532.75,386583.76,40,0.0
2904,Vitória da Conquista,BA,Cerrado,220552.29,775.35,-219776.94,618953.02,41,0.0
1507,Breves,PA,Amazônia,212130.81,326.25,-211804.56,3116.47,42,513.72
2905,Guanambi,BA,Cerrado,201035.16,0.0,-201035.16,258727.09,43,2547.63
5105,Rondonópolis,MT,Cerrado,189095.22,6726.6,-182368.62,2195877.45,44,1622701.62
2303,Iguatu,CE,Caatinga,183678.84,253.35,-183425.49,93316.61,45,0.0
2302,Quixadá,CE,Caatinga,183078.45,10951.47,-172126.98,567729.22,46,0.0
5001,Campo Grande,MS,Cerrado,174766.23,30119.49,-144646.74,2981804.46,47,1169761.59
2304,Juazeiro do Norte,CE,Caatinga,169946.46,0.0,-169946.46,138248.99,48,0.0
2403,Mossoró,RN,Caatinga,162947.61,13935.51,-149012.1,544614.38,49,0.0
1301,Manaus,AM,Amazônia,158022.27,5789.61,-152232.66,5947.15,50,0.0
2602,Caruaru,PE,Caatinga,146947.5,0.0,-146947.5,174532.81,51,0.0
2202,Parnaíba,PI,Cerrado,143104.32,0.0,-143104.32,103330.64,52,3470.22
1401,Boa Vista,RR,Amazônia,141787.98,0.0,-141787.98,112629.31,53,75567.78
5201,Goiânia,GO,Cerrado,139503.87,4923.0,-134580.87,1749023.89,54,829093.77
2502,Campina Grande,PB,Caatinga,121100.94,29963.43,-91137.51,199750.51,55,0.0
2907,Irecê,BA,Cerrado,106594.92,6023.43,-100571.49,1226205.45,56,33.57
2503,Patos,PB,Caatinga,95006.61,583.29,-94423.32,173952.35,57,0.0
1302,Tefé,AM,Amazônia,90688.14,0.0,-90688.14,802.0,58,0.0
2203,Picos,PI,Cerrado,90030.78,32634.99,-57395.79,468360.2,59,1653.39
2305,Crateús,CE,Caatinga,88642.53,36406.44,-52236.09,181150.88,60,0.0
1304,Parintins,AM,Amazônia,78848.19,8561.07,-70287.12,472.97,61,0.0
2204,São Raimundo Nonato,PI,Cerrado,78208.56,16957.98,-61250.58,200776.74,62,500.31
2901,Salvador,BA,Cerrado,75676.5,3514.41,-72162.09,312373.31,63,0.0
4301,Porto Alegre,RS,Pampa,74192.85,4737.96,-69454.89,909903.31,64,118420.29
2802,Itabaiana,SE,Caatinga,70858.89,488.79,-70370.1,163708.74,65,0.0
2504,Sousa - Cajazeiras,PB,Caatinga,69317.01,0.0,-69317.01,41891.73,66,0.0
2903,Ilhéus – Itabuna,BA,Cerrado,67864.32,4092.66,-63771.66,601485.35,67,0.0
2902,Santo Antônio de Jesus,BA,Cerrado,65890.08,8412.03,-57478.05,285517.33,68,0.0
2401,Natal,RN,Caatinga,60716.79,32618.88,-28097.91,720677.99,69,0.0
2603,Serra Talhada,PE,Caatinga,55325.7,12842.91,-42482.79,142914.34,70,0.0
4101,Curitiba,PR,Mata Atlântica,54785.34,1517.04,-53268.3,735197.43,71,314939.25
4302,Pelotas,RS,Pampa,49078.62,95681.43,46602.81,1702181.13,72,587082.06
2702,Arapiraca,AL,Caatinga,46705.41,9735.57,-36969.84,125859.0,73,0.0
5203,Rio Verde,GO,Cerrado,41273.46,17202.42,-24071.04,3060188.94,74,1643204.25
4206,Joinville,SC,Mata Atlântica,41081.31,1399.77,-39681.54,511354.44,75,189934.83
4307,Caxias do Sul,RS,Pampa,40261.68,33.39,-40228.29,720150.84,76,369037.53
4308,Santa Cruz do Sul - Lajeado,RS,Pampa,35668.53,31319.91,-4348.62,821326.71,77,304442.64
3101,Belo Horizonte,MG,Cerrado,35626.41,48137.04,12510.63,592616.74,78,3465.81
4203,Lages,SC,Mata Atlântica,34613.19,545.85,-34067.34,321794.65,79,87562.26
4106,Ponta Grossa,PR,Mata Atlântica,32214.15,4599.0,-27615.15,1348149.7,80,929542.32
2402,Caicó,RN,Caatinga,32103.27,31603.95,-499.32,159147.23,81,0.0
5204,São Luís de Montes Belos - Iporá,GO,Cerrado,31017.42,4524.84,-26492.58,1026613.5,82,495990.45
4102,Guarapuava,PR,Mata Atlântica,30310.56,5615.28,-24695.28,911025.7,83,542688.75
2801,Aracaju,SE,Caatinga,27854.28,3245.76,-24608.52,201807.71,84,0.0
2501,João Pessoa,PB,Caatinga,23213.7,11488.68,-11725.02,388607.07,85,0.0
4207,Blumenau,SC,Mata Atlântica,23145.57,855.99,-22289.58,433526.89,86,20637.54
4303,Santa Maria,RS,Pampa,21340.26,48582.81,27242.55,2079765.68,87,1227054.51
4204,Chapecó,SC,Mata Atlântica,21244.59,14475.42,-6769.17,1390304.27,88,425008.53
3104,Governador Valadares,MG,Cerrado,19975.77,31386.96,11411.19,276859.33,89,4.5
3105,Ipatinga,MG,Cerrado,19894.68,13199.58,-6695.1,211148.36,90,0.0
4306,Passo Fundo,RS,Pampa,16672.59,16173.99,-498.6,3519294.3,91,2690142.03
3201,Vitória,ES,Mata Atlântica,16485.12,6740.19,-9744.93,328264.41,92,0.0
3113,Divinópolis,MG,Cerrado,13592.43,18810.45,5218.02,821188.36,93,37456.83
2601,Recife,PE,Caatinga,12978.0,6737.58,-6240.42,623600.85,94,0.0
3111,Uberlândia,MG,Cerrado,12376.98,44744.85,32367.87,1559325.15,95,408833.46
5301,Distrito Federal,DF,Cerrado,11998.35,8084.43,-3913.92,164222.09,96,108171.9
4201,Florianópolis,SC,Mata Atlântica,10432.26,766.98,-9665.28,97421.24,97,946.89
3110,Uberaba,MG,Cerrado,10125.54,22220.73,12095.19,2040157.51,98,410100.39
4202,Criciúma,SC,Mata Atlântica,9503.37,1971.36,-7532.01,388224.54,99,2271.51
1602,Oiapoque - Porto Grande,AP,Amazônia,9460.44,1903.68,-7556.76,7207.23,100,6453.63
4103,Cascavel,PR,Mata Atlântica,7995.51,61853.22,53857.71,2809102.11,101,1914077.07
3203,Colatina,ES,Mata Atlântica,7472.16,9757.71,2285.55,284066.05,102,0.0
4205,Caçador,SC,Mata Atlântica,7462.35,3137.13,-4325.22,225939.22,103,35978.94
3202,São Mateus,ES,Mata Atlântica,7449.3,1505.25,-5944.05,332227.91,104,0.0
5202,Itumbiara,GO,Cerrado,7364.79,2682.09,-4682.7,1179036.06,105,564676.92
1601,Macapá,AP,Amazônia,6425.28,299.43,-6125.85,12678.46,106,8739.81
3204,Cachoeiro do Itapemirim,ES,Mata Atlântica,5661.0,8150.31,2489.31,276851.7,107,0.0
4304,Uruguaiana,RS,Pampa,5008.86,24360.57,19351.71,1468698.7,108,369922.59
3108,Varginha,MG,Cerrado,4795.65,24390.99,19595.34,1632234.97,109,46832.22
5002,Dourados,MS,Cerrado,4243.41,12538.17,8294.76,3787007.95,110,2128483.35
3508,Ribeirão Preto,SP,Mata Atlântica,4102.11,10616.4,6514.29,2138250.54,111,163450.62
3501,São Paulo,SP,Mata Atlântica,3979.98,4595.67,615.69,159115.57,112,783.81
3109,Pouso Alegre,MG,Cerrado,3841.92,25176.06,21334.14,663276.79,113,363.87
3107,Barbacena,MG,Cerrado,3836.97,24889.59,21052.62,422682.8,114,7.92
3509,Araraquara,SP,Mata Atlântica,2666.07,4562.55,1896.48,894841.57,115,54740.07
3303,Petrópolis,RJ,Mata Atlântica,2522.97,19700.82,17177.85,153706.67,116,0.0
4305,Ijuí,RS,Pampa,2378.16,32216.76,29838.6,2243061.13,117,1605082.86
3510,Campinas,SP,Mata Atlântica,1588.05,27256.14,25668.09,1329703.57,118,130683.6
2701,Maceió,AL,Caatinga,1411.47,10715.67,9304.2,549328.4,119,0.0
3503,Bauru,SP,Mata Atlântica,1289.07,11465.01,10175.94,1249066.26,120,57497.04
3302,Volta Redonda - Barra Mansa,RJ,Mata Atlântica,1100.61,14937.84,13837.23,114542.09,121,82.26
3502,Sorocaba,SP,Mata Atlântica,806.22,59639.22,58833.0,1718222.54,122,564189.12
3106,Juíz de Fora,MG,Cerrado,774.81,78420.24,77645.43,769500.59,123,0.0
3304,Campos dos Goytacazes,RJ,Mata Atlântica,732.78,12396.06,11663.28,218193.7,124,0.0
3511,São José dos Campos,SP,Mata Atlântica,386.1,33630.75,33244.65,277727.09,125,5248.71
4105,Londrina,PR,Mata Atlântica,249.03,71480.34,71231.31,2206017.21,126,1261092.87
3507,São José do Rio Preto,SP,Mata Atlântica,85.5,26344.89,26259.39,1703024.79,127,36143.28
3305,Macaé - Rio das Ostras - Cabo Frio,RJ,Mata Atlântica,82.26,5251.41,5169.15,86767.65,128,0.0
3504,Marília,SP,Mata Atlântica,66.51,17313.66,17247.15,1400081.13,129,377322.48
4104,Maringá,PR,Mata Atlântica,51.03,85266.45,85215.42,2788359.18,130,1303125.75
3301,Rio de Janeiro,RJ,Mata Atlântica,21.78,15103.8,15082.02,220640.8,131,236.61
3505,Presidente Prudente,SP,Mata Atlântica,0.0,27264.96,27264.96,1221982.92,132,104284.26
3506,Araçatuba,SP,Mata Atlântica,0.0,15722.64,15722.64,1172134.0,133,51125.58
